1750712057587;8.161458969116211;5.443018436431885;-0.0
1750712057826;8.161458969116211;5.443018436431885;-0.0
1750712057884;8.161458969116211;5.443018436431885;-0.0
1750712057975;8.161458969116211;5.443018436431885;-0.0
1750712058014;8.161458969116211;5.443018436431885;-0.0
1750712058090;8.161458969116211;5.443018436431885;-0.0
1750712058145;8.161458969116211;5.443018436431885;-0.0
1750712058192;8.161458969116211;5.443018436431885;-0.0
1750712058254;8.161458969116211;5.443018436431885;-0.0
1750712058290;8.161458969116211;5.443018436431885;-0.0
1750712058341;8.161458969116211;5.443018436431885;-0.0
1750712058397;8.161458969116211;5.443018436431885;-0.0
1750712058439;8.161458969116211;5.443018436431885;-0.0
1750712058490;8.161458969116211;5.443018436431885;-0.0
1750712058548;8.161458969116211;5.443018436431885;-0.0
1750712058593;8.161458969116211;5.443018436431885;-0.0
1750712058642;8.161458969116211;5.443018436431885;-0.0
1750712058691;8.161458969116211;5.443018436431885;-0.0
1750712058742;8.161458969116211;5.443018436431885;-0.0
1750712058794;8.161458969116211;5.443018436431885;-0.0
1750712058846;8.161458969116211;5.443018436431885;-0.0
1750712058885;8.161458969116211;5.443018436431885;-0.0
1750712058949;8.161458969116211;5.443018436431885;-0.0
1750712058986;8.161458969116211;5.443018436431885;-0.0
1750712059052;8.161458969116211;5.443018436431885;-0.0
1750712059092;8.161458969116211;5.443018436431885;-0.0
1750712059138;8.161458969116211;5.443018436431885;-0.0
1750712059194;8.161458969116211;5.443018436431885;-0.0
1750712059273;8.161458969116211;5.443018436431885;-0.0
1750712059364;8.161458969116211;5.443018436431885;-0.0
1750712059403;8.161458969116211;5.443018436431885;-0.0
1750712059469;8.161458969116211;5.443018436431885;-0.0
1750712059502;8.161458969116211;5.443018436431885;-0.0
1750712059567;8.161458969116211;5.443018436431885;-0.0
1750712059594;8.161458969116211;5.443018436431885;-0.0
1750712059648;8.161458969116211;5.443018436431885;-0.0
1750712059701;8.161458969116211;5.443018436431885;-0.0
1750712059745;8.161458969116211;5.443018436431885;-0.0
1750712059850;8.161458969116211;5.443018436431885;-0.0
1750712059970;8.161458969116211;5.443018436431885;-0.0
1750712059993;8.161458969116211;5.443018436431885;-0.0
1750712060039;8.161458969116211;5.443018436431885;-0.0
1750712060098;8.161458969116211;5.443018436431885;-0.0
1750712060150;8.161458969116211;5.443018436431885;-0.0
1750712060277;8.161458969116211;5.443018436431885;-0.0
1750712060297;8.161458969116211;5.443018436431885;-0.0
1750712060337;8.161458969116211;5.443018436431885;-0.0
1750712060386;8.161458969116211;5.443018436431885;-0.0
1750712060452;8.161458969116211;5.443018436431885;-0.0
1750712060533;8.161458969116211;5.443018436431885;-0.0
1750712060602;8.161458969116211;5.443018436431885;-0.0
1750712060667;8.161458969116211;5.443018436431885;-0.0
1750712060719;8.161458969116211;5.443018436431885;-0.0
1750712060759;8.161458969116211;5.443018436431885;-0.0
1750712060798;8.161458969116211;5.443018436431885;-0.0
1750712060843;8.161458969116211;5.443018436431885;-0.0
1750712060886;8.161458969116211;5.443018436431885;-0.0
1750712060961;8.161458969116211;5.443018436431885;-0.0
1750712061011;8.161458969116211;5.443018436431885;-0.0
1750712061054;8.161458969116211;5.443018436431885;-0.0
1750712061085;8.161458969116211;5.443018436431885;-0.0
1750712061140;8.161458969116211;5.443018436431885;-0.0
1750712061186;8.161458969116211;5.443018436431885;-0.0
1750712061249;8.161458969116211;5.443018436431885;-0.0
1750712061287;8.161458969116211;5.443018436431885;-0.0
1750712061351;8.161458969116211;5.443018436431885;-0.0
1750712061390;8.161458969116211;5.443018436431885;-0.0
1750712061448;8.161458969116211;5.443018436431885;-0.0
1750712061529;8.161458969116211;5.443018436431885;-0.0
1750712061595;8.161458969116211;5.443018436431885;-0.0
1750712061642;8.161458969116211;5.443018436431885;-0.0
1750712061695;8.161458969116211;5.443018436431885;-0.0
1750712061749;8.161458969116211;5.443018436431885;-0.0
1750712061786;8.161458969116211;5.443018436431885;-0.0
1750712061849;8.161458969116211;5.443018436431885;-0.0
1750712061887;7.58156681060791;6.312562465667725;2.261997938156128
1750712061946;6.97619104385376;7.220300674438477;4.623295307159424
1750712061990;7.264106273651123;6.788536071777344;3.500155210494995
1750712062045;9.708953857421875;3.1226749420166016;-6.036086559295654
1750712062094;10.36889362335205;2.1331846714019775;-8.610057830810547
1750712062143;8.536055564880371;4.881324768066406;-1.461154580116272
1750712062201;6.358972549438477;8.145771980285645;7.030754566192627
1750712062238;6.330078601837158;8.189050674438477;7.143353462219238
1750712062295;7.1908488273620605;6.898406982421875;3.7859625816345215
1750712062346;9.99280834197998;2.6970486640930176;-7.143260478973389
1750712062391;10.56749153137207;1.83525550365448;-9.385045051574707
1750712062442;9.054780960083008;4.103547096252441;-3.4844372272491455
1750712062486;5.724392890930176;9.097284317016602;9.506014823913574
1750712062538;6.7569756507873535;7.548983573913574;5.478330135345459
1750712062586;8.406932830810547;5.074994087219238;-0.957403302192688
1750712062643;9.246745109558105;3.8157553672790527;-4.233104228973389
1750712062690;9.08655834197998;4.055896759033203;-3.6084141731262207
1750712062745;8.408792495727539;5.072204113006592;-0.9646577835083008
1750712062791;7.9340901374816895;5.783978462219238;0.8869668245315552
1750712062842;8.004155158996582;5.67891263961792;0.6136223077774048
1750712062891;8.161458969116211;5.443018436431885;-0.0
1750712062941;8.161458969116211;5.443018436431885;-0.0
1750712062992;6.439112663269043;4.294270992279053;-0.0001860119227785617
1750712063043;6.2454118728637695;4.165085792541504;-0.00012400794366840273
1750712063091;6.967355251312256;4.646670818328857;0.00003100198591710068
1750712063143;8.83311653137207;5.891059398651123;0.0001550099259475246
1750712063185;12.587085723876953;8.394624710083008;0.0001550099259475246
1750712063242;12.206412315368652;8.140687942504883;0.00006200397183420137
1750712063290;1.6693949699401855;1.1133743524551392;0.00003100198591710068
1750712063337;-10.21310806274414;-6.811260223388672;0.00003100198591710068
1750712063385;8.431486129760742;5.623078346252441;-0.00006200397183420137
1750712063444;26.03841209411621;17.36539077758789;-0.0001550099259475246
1750712063490;22.957094192504883;15.310392379760742;-0.00009300596138928086
1750712063539;13.606307029724121;9.074281692504883;-0.0
1750712063590;5.079489231109619;3.387618064880371;0.00006200397183420137
1750712063645;0.9909164905548096;0.660900354385376;0.00006200397183420137
1750712063691;-6.1222100257873535;-4.082899570465088;0.0001860119227785617
1750712063741;19.60680389404297;13.075986862182617;-0.0002170139050576836
1750712063794;1.6671627759933472;1.1118552684783936;0.00003100198591710068
1750712063841;8.161458969116211;5.443018436431885;-0.0
1750712063885;6.891493320465088;4.596044540405273;-0.0
1750712063939;9.456442832946777;6.306548118591309;-0.0001860119227785617
1750712063991;8.161458969116211;5.443018436431885;-0.0
1750712064041;8.161458969116211;5.443018436431885;-0.0
1750712064086;8.161458969116211;5.443018436431885;-0.0
1750712064139;8.161458969116211;5.443018436431885;-0.0
1750712064190;8.161458969116211;5.443018436431885;-0.0
1750712064246;7.387494087219238;6.60382604598999;-0.642795205116272
1750712064303;7.494606018066406;6.442925930023193;-0.555431604385376
1750712064342;7.226346015930176;6.845052242279053;-0.779668927192688
1750712064392;7.261750221252441;6.7919769287109375;-0.750186026096344
1750712064441;12.141586303710938;-0.5250806212425232;3.313244342803955
1750712064494;12.141586303710938;-0.5250806212425232;3.313244342803955
1750712064546;10.397601127624512;2.090122938156128;1.8623203039169312
1750712064607;6.312779426574707;8.215154647827148;-1.538597583770752
1750712064654;7.425967693328857;6.545852184295654;-0.612413227558136
1750712064693;8.161458969116211;5.443018436431885;-0.0
1750712064741;8.161458969116211;5.443018436431885;-0.0
1750712065147;8.161458969116211;5.443018436431885;-0.0
1750712065199;8.161458969116211;5.443018436431885;-0.0
1750712065285;8.161458969116211;5.443018436431885;-0.0
1750712065354;8.161458969116211;5.443018436431885;-0.0
1750712065394;8.161458969116211;5.443018436431885;-0.0
1750712065442;8.161458969116211;5.443018436431885;-0.0
1750712065504;8.161458969116211;5.443018436431885;-0.0
1750712065537;8.161458969116211;5.443018436431885;-0.0
1750712065585;8.161458969116211;5.443018436431885;-0.0
1750712065642;8.161458969116211;5.443018436431885;-0.0
1750712065685;8.161458969116211;5.443018436431885;-0.0
1750712065742;8.161458969116211;5.443018436431885;-0.0
1750712065790;8.161458969116211;5.443018436431885;-0.0
1750712065842;8.161458969116211;5.443018436431885;-0.0
1750712065886;8.161458969116211;5.443018436431885;-0.0
1750712065950;8.161458969116211;5.443018436431885;-0.0
1750712065986;8.161458969116211;5.443018436431885;-0.0
1750712066042;8.161458969116211;5.443018436431885;-0.0
1750712066086;8.161458969116211;5.443018436431885;-0.0
1750712066144;8.161458969116211;5.443018436431885;-0.0
1750712066187;8.161458969116211;5.443018436431885;-0.0
1750712066248;8.161458969116211;5.443018436431885;-0.0
1750712066285;8.161458969116211;5.443018436431885;-0.0
1750712066348;8.161458969116211;5.443018436431885;-0.0
1750712066386;8.161458969116211;5.443018436431885;-0.0
1750712066569;8.161458969116211;5.443018436431885;-0.0
1750712066605;8.161458969116211;5.443018436431885;-0.0
1750712066642;8.161458969116211;5.443018436431885;-0.0
1750712066685;8.161458969116211;5.443018436431885;-0.0
1750712066742;8.161458969116211;5.443018436431885;-0.0
1750712066789;8.161458969116211;5.443018436431885;-0.0
1750712066846;8.161458969116211;5.443018436431885;-0.0
1750712066922;8.161458969116211;5.443018436431885;-0.0
1750712066945;8.161458969116211;5.443018436431885;-0.0
1750712066999;8.161458969116211;5.443018436431885;-0.0
1750712067037;8.161458969116211;5.443018436431885;-0.0
1750712067092;8.161458969116211;5.443018436431885;-0.0
1750712067138;8.161458969116211;5.443018436431885;-0.0
1750712067189;8.161458969116211;5.443018436431885;-0.0
1750712067237;8.161458969116211;5.443018436431885;-0.0
1750712067291;8.161458969116211;5.443018436431885;-0.0
1750712067342;8.161458969116211;5.443018436431885;-0.0
1750712067394;8.161458969116211;5.443018436431885;-0.0
1750712067438;8.161458969116211;5.443018436431885;-0.0
1750712067486;8.161458969116211;5.443018436431885;-0.0
1750712067543;8.161458969116211;5.443018436431885;-0.0
1750712067594;8.161458969116211;5.443018436431885;-0.0
1750712067639;8.161458969116211;5.443018436431885;-0.0
1750712067686;8.161458969116211;5.443018436431885;-0.0
1750712067737;8.161458969116211;5.443018436431885;-0.0
1750712067785;8.161458969116211;5.443018436431885;-0.0
1750712067837;8.161458969116211;5.443018436431885;-0.0
1750712067885;8.161458969116211;5.443018436431885;-0.0
1750712067938;8.161458969116211;5.443018436431885;-0.0
1750712067990;8.161458969116211;5.443018436431885;-0.0
1750712068039;8.161458969116211;5.443018436431885;-0.0
1750712068086;8.161458969116211;5.443018436431885;-0.0
1750712068139;8.161458969116211;5.443018436431885;-0.0
1750712068191;8.161458969116211;5.443018436431885;-0.0
1750712068243;8.161458969116211;5.443018436431885;-0.0
1750712068292;8.161458969116211;5.443018436431885;-0.0
1750712068339;8.161458969116211;5.443018436431885;-0.0
1750712068389;8.161458969116211;5.443018436431885;-0.0
1750712068441;8.161458969116211;5.443018436431885;-0.0
1750712068486;7.7526044845581055;6.063895225524902;-0.3385416865348816
1750712068542;7.8170576095581055;5.950613975524902;-0.2890315055847168
1750712068590;7.530754566192627;6.383804798126221;-0.526475727558136
1750712068639;7.337674140930176;6.678199768066406;-0.6860429644584656
1750712068691;7.4537763595581055;6.506231784820557;-0.5888206958770752
1750712068738;7.792814254760742;5.998171329498291;-0.3064236342906952
1750712068790;8.239150047302246;5.328218460083008;0.0651041716337204
1750712068842;8.626829147338867;4.745876789093018;0.3876798450946808
1750712068886;8.68917465209961;4.65147590637207;0.4393911361694336
1750712068942;8.608817100524902;4.771515846252441;0.3723648488521576
1750712068990;8.634673118591309;4.73273229598999;0.3939112424850464
1750712069042;10.39819049835205;2.088789701461792;1.8624752759933472
1750712069093;8.54163646697998;4.872767925262451;0.3165612816810608
1750712069146;8.51711368560791;4.909753322601318;0.2962859869003296
1750712069189;8.647879600524902;4.713727951049805;0.4051339626312256
1750712069239;8.60196590423584;4.782552242279053;0.36684650182724
1750712069289;8.345890045166016;5.1665120124816895;0.1535528302192688
1750712069342;7.973338603973389;5.725074768066406;-0.1567150354385376
1750712069389;7.6316657066345215;6.23741340637207;-0.4412202537059784
1750712069442;7.445343971252441;6.516834259033203;-0.5963851809501648
1750712069490;7.480593204498291;6.46397590637207;-0.5670263171195984
1750712069542;7.725632667541504;6.096540451049805;-0.3629712462425232
1750712069589;8.033482551574707;5.634952068328857;-0.106646828353405
1750712069639;8.161458969116211;5.443018436431885;-0.0
1750712069686;8.161458969116211;5.443018436431885;-0.0
1750712069738;8.161458969116211;5.443018436431885;-0.0
1750712069791;8.161458969116211;5.443018436431885;-0.0
1750712069841;8.161458969116211;5.443018436431885;-0.0
1750712069890;8.161458969116211;5.443018436431885;-0.0
1750712069939;8.161458969116211;5.443018436431885;-0.0
1750712069989;8.161458969116211;5.443018436431885;-0.0
1750712070042;8.161458969116211;5.443018436431885;-0.0
1750712070089;8.161458969116211;5.443018436431885;-0.0
1750712070137;8.161458969116211;5.443018436431885;-0.0
1750712070192;8.161458969116211;5.443018436431885;-0.0
1750712070242;8.161458969116211;5.443018436431885;-0.0
1750712070290;8.161458969116211;5.443018436431885;-0.0
1750712070345;8.161458969116211;5.443018436431885;-0.0
1750712070386;8.161458969116211;5.443018436431885;-0.0
1750712070439;8.161458969116211;5.443018436431885;-0.0
1750712070499;8.161458969116211;5.443018436431885;-0.0
1750712070539;8.161458969116211;5.443018436431885;-0.0
1750712070590;8.161458969116211;5.443018436431885;-0.0
1750712070639;8.161458969116211;5.443018436431885;-0.0
1750712070689;8.161458969116211;5.443018436431885;-0.0
1750712070739;8.161458969116211;5.443018436431885;-0.0
1750712070791;8.161458969116211;5.443018436431885;-0.0
1750712070839;8.161458969116211;5.443018436431885;-0.0
1750712070889;8.161458969116211;5.443018436431885;-0.0
1750712070942;8.161458969116211;5.443018436431885;-0.0
1750712070990;8.161458969116211;5.443018436431885;-0.0
1750712071042;8.161458969116211;5.443018436431885;-0.0
1750712071085;8.161458969116211;5.443018436431885;-0.0
1750712071139;8.161458969116211;5.443018436431885;-0.0
1750712071190;8.161458969116211;5.443018436431885;-0.0
1750712071242;8.161458969116211;5.443018436431885;-0.0
1750712071291;8.161458969116211;5.443018436431885;-0.0
1750712071343;8.161458969116211;5.443018436431885;-0.0
1750712071385;8.161458969116211;5.443018436431885;-0.0
1750712071441;8.161458969116211;5.443018436431885;-0.0
1750712071490;8.161458969116211;5.443018436431885;-0.0
1750712071549;8.161458969116211;5.443018436431885;-0.0
1750712071587;8.161458969116211;5.443018436431885;-0.0
1750712071640;8.161458969116211;5.443018436431885;-0.0
1750712071690;8.161458969116211;5.443018436431885;-0.0
1750712071741;8.161458969116211;5.443018436431885;-0.0
1750712071790;8.161458969116211;5.443018436431885;-0.0
1750712071839;8.161458969116211;5.443018436431885;-0.0
1750712071890;8.161458969116211;5.443018436431885;-0.0
1750712071941;8.161458969116211;5.443018436431885;-0.0
1750712071991;8.161458969116211;5.443018436431885;-0.0
1750712072043;8.161458969116211;5.443018436431885;-0.0
1750712072090;8.161458969116211;5.443018436431885;-0.0
1750712072139;8.161458969116211;5.443018436431885;-0.0
1750712072186;8.161458969116211;5.443018436431885;-0.0
1750712072242;8.161458969116211;5.443018436431885;-0.0
1750712072290;8.161458969116211;5.443018436431885;-0.0
1750712072345;8.161458969116211;5.443018436431885;-0.0
1750712072390;8.161458969116211;5.443018436431885;-0.0
1750712072445;8.161458969116211;5.443018436431885;-0.0
1750712072486;8.161458969116211;5.443018436431885;-0.0
1750712072539;8.161458969116211;5.443018436431885;-0.0
1750712072590;8.161458969116211;5.443018436431885;-0.0
1750712072642;8.161458969116211;5.443018436431885;-0.0
1750712072686;8.161458969116211;5.443018436431885;-0.0
1750712072737;8.161458969116211;5.443018436431885;-0.0
1750712072790;8.161458969116211;5.443018436431885;-0.0
1750712072839;8.161458969116211;5.443018436431885;-0.0
1750712072886;8.161458969116211;5.443018436431885;-0.0
1750712072939;8.161458969116211;5.443018436431885;-0.0
1750712072990;8.161458969116211;5.443018436431885;-0.0
1750712073039;8.161458969116211;5.443018436431885;-0.0
1750712073085;8.161458969116211;5.443018436431885;-0.0
1750712073139;8.161458969116211;5.443018436431885;-0.0
1750712073192;8.161458969116211;5.443018436431885;-0.0
1750712073242;8.161458969116211;5.443018436431885;-0.0
1750712073286;8.161458969116211;5.443018436431885;-0.0
1750712073342;8.161458969116211;5.443018436431885;-0.0
1750712073391;8.161458969116211;5.443018436431885;-0.0
1750712073439;8.161458969116211;5.443018436431885;-0.0
1750712073493;8.161458969116211;5.443018436431885;-0.0
1750712073542;8.161458969116211;5.443018436431885;-0.0
1750712073590;8.161458969116211;5.443018436431885;-0.0
1750712073639;8.161458969116211;5.443018436431885;-0.0
1750712073686;8.161458969116211;5.443018436431885;-0.0
1750712073742;8.161458969116211;5.443018436431885;-0.0
1750712073785;8.161458969116211;5.443018436431885;-0.0
1750712073839;8.161458969116211;5.443018436431885;-0.0
1750712073886;8.161458969116211;5.443018436431885;-0.0
1750712073943;8.161458969116211;5.443018436431885;-0.0
1750712073992;8.161458969116211;5.443018436431885;-0.0
1750712074041;8.161458969116211;5.443018436431885;-0.0
1750712074090;8.161458969116211;5.443018436431885;-0.0
1750712074143;8.161458969116211;5.443018436431885;-0.0
1750712074190;8.31789493560791;5.201854228973389;0.0919518917798996
1750712074242;8.671379089355469;4.563523292541504;0.467075914144516
1750712074285;9.144004821777344;3.3981587886810303;1.0369234085083008
1750712074342;9.521174430847168;1.4122644662857056;1.8946553468704224
1750712074385;9.301836013793945;-1.2414745092391968;2.858042001724243
1750712074442;8.0545015335083;-4.218316078186035;3.683253049850464
1750712074490;5.772724628448486;-6.7958831787109375;4.090309143066406
1750712074539;2.879371404647827;-8.484468460083008;3.9947609901428223
1750712074587;-0.2091083973646164;-9.171968460083008;3.4734315872192383
1750712074642;-2.130115509033203;-9.107329368591309;2.9583024978637695
1750712074690;-1.7473959922790527;-9.151847839355469;3.0699095726013184
1750712074738;-0.18089659512043;-9.170480728149414;3.479414939880371
1750712074789;1.7400795221328735;-8.853950500488281;3.8490824699401855
1750712074842;3.670046091079712;-8.137277603149414;4.068328380584717
1750712074890;5.463232040405273;-7.038474082946777;4.1049418449401855
1750712074938;6.9243245124816895;-5.705605506896973;3.9670140743255615
1750712074989;8.026817321777344;-4.261470794677734;3.6938865184783936
1750712075038;8.780537605285645;-2.8298611640930176;3.335317611694336
1750712075093;9.299758911132812;-1.2460007667541504;2.8631885051727295
1750712075138;9.513765335083008;0.1322234719991684;2.389539957046509
1750712075189;9.511967658996582;1.5235925912857056;1.8537017107009888
1750712075242;9.288070678710938;2.890315055847168;1.2708333730697632
1750712075291;8.893043518066406;4.079737186431885;0.7085193991661072
1750712075346;8.401693344116211;5.059926986694336;0.2071862667798996
1750712075385;7.923022747039795;5.781405448913574;-0.1914682686328888
1750712075439;7.448537349700928;6.361421585083008;-0.5370783805847168
1750712075490;6.963077068328857;6.857515335083008;-0.8545697331428528
1750712075543;6.584263801574707;7.191964626312256;-1.0766990184783936
1750712075590;6.406312465667725;7.333736896514893;-1.1854848861694336
1750712075641;6.235522270202637;7.4658050537109375;-1.2713603973388672
1750712075689;6.235150337219238;7.4660844802856445;-1.271546483039856
1750712075739;6.235150337219238;7.4660844802856445;-1.271546483039856
1750712075790;6.235150337219238;7.4660844802856445;-1.271546483039856
1750712075839;6.235150337219238;7.4660844802856445;-1.271546483039856
1750712075891;6.235150337219238;7.4660844802856445;-1.271546483039856
1750712075942;6.235150337219238;7.4660844802856445;-1.271546483039856
1750712075991;6.235150337219238;7.4660844802856445;-1.271546483039856
1750712076039;6.235150337219238;7.4660844802856445;-1.271546483039856
1750712076086;6.235150337219238;7.4660844802856445;-1.271546483039856
1750712076142;6.235150337219238;7.4660844802856445;-1.271546483039856
1750712076186;6.235150337219238;7.4660844802856445;-1.271546483039856
1750712076239;6.235150337219238;7.4660844802856445;-1.271546483039856
1750712076290;6.235150337219238;7.4660844802856445;-1.271546483039856
1750712076339;6.0714287757873535;7.599454879760742;-1.2760107517242432
1750712076395;5.541078090667725;7.994760990142822;-1.2714223861694336
1750712076439;4.232359886169434;8.758247375488281;-1.2710504531860352
1750712076500;1.872054934501648;9.545697212219238;-1.2692832946777344
1750712076537;-1.297247052192688;9.640594482421875;-1.2698103189468384
1750712076590;-4.654855251312256;8.54033374786377;-1.2767547369003296
1750712076645;-7.364893913269043;6.353547096252441;-1.2748947143554688
1750712076693;-9.038628578186035;3.594773292541504;-1.271546483039856
1750712076754;-9.038628578186035;3.594773292541504;-1.271546483039856
1750712076871;-9.714131355285645;0.4784846603870392;-1.279731035232544
1750712076897;-9.608724594116211;1.50967276096344;-1.2750186920166016
1750712076944;-9.158978462219238;3.276010751724243;-1.271546483039856
1750712076993;-8.794953346252441;4.155506134033203;-1.271546483039856
1750712077037;-8.715371131896973;4.319940567016602;-1.271546483039856
1750712077085;-8.900360107421875;3.921565294265747;-1.2778398990631104
1750712077141;-9.40256118774414;2.4920947551727295;-1.274925708770752
1750712077192;-9.700675964355469;0.7185330390930176;-1.271546483039856
1750712077246;-9.722843170166016;-0.2906126081943512;-1.2746156454086304
1750712077285;-9.726439476013184;0.1243799701333046;-1.271856427192688
1750712077356;-9.675347328186035;1.0010541677474976;-1.2725695371627808
1750712077489;-9.476717948913574;2.193173408508301;-1.2724765539169312
1750712077566;-7.626767635345459;6.036210536956787;-1.2759487628936768
1750712077637;-6.012866020202637;7.64561653137207;-1.274553656578064
1750712077693;-5.046410083770752;8.315321922302246;-1.2736855745315552
1750712077800;-4.1648688316345215;8.79055118560791;-1.2722594738006592
1750712077837;-2.3710007667541504;9.434152603149414;-1.2702133655548096
1750712077895;-1.610119104385376;9.59306812286377;-1.271546483039856
1750712077946;-1.2689732313156128;9.644128799438477;-1.271546483039856
1750712077986;-1.2584946155548096;9.645492553710938;-1.271546483039856
1750712078042;-1.2584946155548096;9.645492553710938;-1.271546483039856
1750712078116;-1.2584946155548096;9.645492553710938;-1.271546483039856
1750712078252;-1.2584946155548096;9.645492553710938;-1.271546483039856
1750712078310;-1.2584946155548096;9.645492553710938;-1.271546483039856
1750712078364;-1.2584946155548096;9.645492553710938;-1.271546483039856
1750712078420;-1.2584946155548096;9.645492553710938;-1.271546483039856
1750712078450;-1.2584946155548096;9.645492553710938;-1.271546483039856
1750712078502;-1.2584946155548096;9.645492553710938;-1.271546483039856
1750712078538;-1.2584946155548096;9.645492553710938;-1.271546483039856
1750712078585;-1.2584946155548096;9.645492553710938;-1.271546483039856
1750712078726;-1.2584946155548096;9.645492553710938;-1.271546483039856
1750712078786;-1.2584946155548096;9.645492553710938;-1.271546483039856
1750712078844;-1.2584946155548096;9.645492553710938;-1.271546483039856
1750712078893;-1.2584946155548096;9.645492553710938;-1.271546483039856
1750712078937;-1.2584946155548096;9.645492553710938;-1.271546483039856
1750712078990;-1.2584946155548096;9.645492553710938;-1.271546483039856
1750712079043;-1.2584946155548096;9.645492553710938;-1.271546483039856
1750712079085;-1.2584946155548096;9.645492553710938;-1.271546483039856
1750712079155;-1.2584946155548096;9.645492553710938;-1.271546483039856
1750712079185;-1.2584946155548096;9.645492553710938;-1.271546483039856
1750712079246;-1.2584946155548096;9.645492553710938;-1.271546483039856
1750712079285;-1.2584946155548096;9.645492553710938;-1.271546483039856
1750712079349;-1.2584946155548096;9.645492553710938;-1.271546483039856
1750712079401;-1.2584946155548096;9.645492553710938;-1.271546483039856
1750712079440;-1.2584946155548096;9.645492553710938;-1.271546483039856
1750712079485;-1.2584946155548096;9.645492553710938;-1.271546483039856
1750712079541;-1.2584946155548096;9.645492553710938;-1.271546483039856
1750712079590;-1.2584946155548096;9.645492553710938;-1.271546483039856
1750712079733;-1.2584946155548096;9.645492553710938;-1.271546483039856
1750712079790;-1.2584946155548096;9.645492553710938;-1.271546483039856
1750712079845;-1.2584946155548096;9.645492553710938;-1.271546483039856
1750712079886;-1.2584946155548096;9.645492553710938;-1.271546483039856
1750712079942;-1.2584946155548096;9.645492553710938;-1.271546483039856
1750712079999;-1.2584946155548096;9.645492553710938;-1.271546483039856
1750712080039;-1.2584946155548096;9.645492553710938;-1.271546483039856
1750712080089;-1.2584946155548096;9.645492553710938;-1.271546483039856
1750712080142;-1.2584946155548096;9.645492553710938;-1.271546483039856
1750712080190;-1.2584946155548096;9.645492553710938;-1.271546483039856
1750712080242;-1.2584946155548096;9.645492553710938;-1.271546483039856
1750712080289;-1.2584946155548096;9.645492553710938;-1.271546483039856
1750712080343;-1.2584946155548096;9.645492553710938;-1.271546483039856
1750712080389;-1.2584946155548096;9.645492553710938;-1.271546483039856
1750712080442;-1.2584946155548096;9.645492553710938;-1.271546483039856
1750712080491;-1.2584946155548096;9.645492553710938;-1.271546483039856
1750712080542;-1.2584946155548096;9.645492553710938;-1.271546483039856
1750712080586;-1.2584946155548096;9.645492553710938;-1.271546483039856
1750712080644;-1.2584946155548096;9.645492553710938;-1.271546483039856
1750712080691;-1.2584946155548096;9.645492553710938;-1.271546483039856
1750712080739;-1.2584946155548096;9.645492553710938;-1.271546483039856
1750712080789;-1.2584946155548096;9.645492553710938;-1.271546483039856
1750712080842;-1.2584946155548096;9.645492553710938;-1.271546483039856
1750712080886;-1.2584946155548096;9.645492553710938;-1.271546483039856
1750712080942;-1.2584946155548096;9.645492553710938;-1.271546483039856
1750712080990;-1.2584946155548096;9.645492553710938;-1.271546483039856
1750712081039;-1.2584946155548096;9.645492553710938;-1.271546483039856
1750712081090;-1.2584946155548096;9.645492553710938;-1.271546483039856
1750712081142;-1.2584946155548096;9.645492553710938;-1.271546483039856
1750712081189;-1.2584946155548096;9.645492553710938;-1.271546483039856
1750712081239;-1.2584946155548096;9.645492553710938;-1.271546483039856
1750712081286;-1.2584946155548096;9.645492553710938;-1.271546483039856
1750712081341;-1.2584946155548096;9.645492553710938;-1.271546483039856
1750712081385;-1.2584946155548096;9.645492553710938;-1.271546483039856
1750712081442;-1.2584946155548096;9.645492553710938;-1.271546483039856
1750712081490;-1.2584946155548096;9.645492553710938;-1.271546483039856
1750712081544;-1.2584946155548096;9.645492553710938;-1.271546483039856
1750712081591;-1.2584946155548096;9.645492553710938;-1.271546483039856
1750712081650;-1.2584946155548096;9.645492553710938;-1.271546483039856
1750712081690;-1.2584946155548096;9.645492553710938;-1.271546483039856
1750712081741;-1.2584946155548096;9.645492553710938;-1.271546483039856
1750712081793;-1.2584946155548096;9.645492553710938;-1.271546483039856
1750712081839;-1.2584946155548096;9.645492553710938;-1.271546483039856
1750712081889;-1.2584946155548096;9.645492553710938;-1.271546483039856
1750712081941;-1.2584946155548096;9.645492553710938;-1.271546483039856
1750712081991;-1.2584946155548096;9.645492553710938;-1.271546483039856
1750712082042;-1.2584946155548096;9.645492553710938;-1.271546483039856
1750712082094;-1.2584946155548096;9.645492553710938;-1.271546483039856
1750712082142;-1.2584946155548096;9.645492553710938;-1.271546483039856
1750712082189;-1.2584946155548096;9.645492553710938;-1.271546483039856
1750712082243;-1.2584946155548096;9.645492553710938;-1.271546483039856
1750712082291;-1.2584946155548096;9.645492553710938;-1.271546483039856
1750712082343;-1.2584946155548096;9.645492553710938;-1.271546483039856
1750712082386;-1.2584946155548096;9.645492553710938;-1.271546483039856
1750712082449;-1.2584946155548096;9.645492553710938;-1.271546483039856
1750712082494;-1.2584946155548096;9.645492553710938;-1.271546483039856
1750712082540;-1.2584946155548096;9.645492553710938;-1.271546483039856
1750712082599;-1.2584946155548096;9.645492553710938;-1.271546483039856
1750712082637;-1.2584946155548096;9.645492553710938;-1.271546483039856
1750712082690;-1.2584946155548096;9.645492553710938;-1.271546483039856
1750712082739;-1.2584946155548096;9.645492553710938;-1.271546483039856
1750712082786;-1.2584946155548096;9.645492553710938;-1.271546483039856
1750712082841;-1.2584946155548096;9.645492553710938;-1.271546483039856
1750712082889;-1.2584946155548096;9.645492553710938;-1.271546483039856
1750712082942;-1.2584946155548096;9.645492553710938;-1.271546483039856
1750712082990;-1.2584946155548096;9.645492553710938;-1.271546483039856
1750712083042;-1.2584946155548096;9.645492553710938;-1.271546483039856
1750712083090;-1.2584946155548096;9.645492553710938;-1.271546483039856
1750712083142;-1.2584946155548096;9.645492553710938;-1.271546483039856
1750712083190;-1.2584946155548096;9.645492553710938;-1.271546483039856
1750712083242;-1.2584946155548096;9.645492553710938;-1.271546483039856
1750712083290;-1.2584946155548096;9.645492553710938;-1.271546483039856
1750712083346;-1.2584946155548096;9.645492553710938;-1.271546483039856
1750712083386;-1.2584946155548096;9.645492553710938;-1.271546483039856
1750712083443;-1.2584946155548096;9.645492553710938;-1.271546483039856
1750712083485;-1.2584946155548096;9.645492553710938;-1.271546483039856
1750712083542;-1.2584946155548096;9.645492553710938;-1.271546483039856
1750712083582;-1.2584946155548096;9.645492553710938;-1.271546483039856
1750712083642;-1.2584946155548096;9.645492553710938;-1.271546483039856
1750712083690;-1.2584946155548096;9.645492553710938;-1.271546483039856
1750712083742;-1.2584946155548096;9.645492553710938;-1.271546483039856
1750712083786;-1.2584946155548096;9.645492553710938;-1.271546483039856
1750712083838;-1.2584946155548096;9.645492553710938;-1.271546483039856
1750712083890;-1.2584946155548096;9.645492553710938;-1.271546483039856
1750712083945;-1.2584946155548096;9.645492553710938;-1.271546483039856
1750712083990;-1.2584946155548096;9.645492553710938;-1.271546483039856
1750712084046;-1.2584946155548096;9.645492553710938;-1.271546483039856
1750712084110;-1.2584946155548096;9.645492553710938;-1.271546483039856
1750712084146;-1.2584946155548096;9.645492553710938;-1.271546483039856
1750712084185;-1.2584946155548096;9.645492553710938;-1.271546483039856
1750712084241;-1.2584946155548096;9.645492553710938;-1.271546483039856
1750712084286;-1.2584946155548096;9.645492553710938;-1.271546483039856
1750712084349;-1.2584946155548096;9.645492553710938;-1.271546483039856
1750712084386;-1.2584946155548096;9.645492553710938;-1.271546483039856
1750712084443;-1.2584946155548096;9.645492553710938;-1.271546483039856
1750712084495;-1.2584946155548096;9.645492553710938;-1.271546483039856
1750712084539;-1.2584946155548096;9.645492553710938;-1.271546483039856
1750712084590;-1.2584946155548096;9.645492553710938;-1.271546483039856
1750712084646;-1.2584946155548096;9.645492553710938;-1.271546483039856
1750712084686;-1.2584946155548096;9.645492553710938;-1.271546483039856
1750712084739;-1.2584946155548096;9.645492553710938;-1.271546483039856
1750712084786;-1.2584946155548096;9.645492553710938;-1.271546483039856
1750712084844;-1.2584946155548096;9.645492553710938;-1.271546483039856
1750712084890;-1.2584946155548096;9.645492553710938;-1.271546483039856
1750712084943;-1.2584946155548096;9.645492553710938;-1.271546483039856
1750712084989;-1.2584946155548096;9.645492553710938;-1.271546483039856
1750712085039;-1.2584946155548096;9.645492553710938;-1.271546483039856
1750712085085;-1.2584946155548096;9.645492553710938;-1.271546483039856
1750712085142;-1.2584946155548096;9.645492553710938;-1.271546483039856
1750712085189;-1.2584946155548096;9.645492553710938;-1.271546483039856
1750712085241;-1.2584946155548096;9.645492553710938;-1.271546483039856
1750712085289;-1.2584946155548096;9.645492553710938;-1.271546483039856
1750712085341;-1.2584946155548096;9.645492553710938;-1.271546483039856
1750712085389;-1.2584946155548096;9.645492553710938;-1.271546483039856
1750712085442;-1.2584946155548096;9.645492553710938;-1.271546483039856
1750712085490;-1.2584946155548096;9.645492553710938;-1.271546483039856
1750712085542;-1.2584946155548096;9.645492553710938;-1.271546483039856
1750712085591;-1.2584946155548096;9.645492553710938;-1.271546483039856
1750712085638;-1.2584946155548096;9.645492553710938;-1.271546483039856
1750712085690;-1.2584946155548096;9.645492553710938;-1.271546483039856
1750712085743;-1.2584946155548096;9.645492553710938;-1.271546483039856
1750712085788;-1.2584946155548096;9.645492553710938;-1.271546483039856
1750712085842;-1.2584946155548096;9.645492553710938;-1.271546483039856
1750712085891;-1.2584946155548096;9.645492553710938;-1.271546483039856
1750712085943;-1.2584946155548096;9.645492553710938;-1.271546483039856
1750712085986;-1.2584946155548096;9.645492553710938;-1.271546483039856
1750712086042;-1.2584946155548096;9.645492553710938;-1.271546483039856
1750712086089;-1.2584946155548096;9.645492553710938;-1.271546483039856
1750712086142;-1.2584946155548096;9.645492553710938;-1.271546483039856
1750712086190;-1.2584946155548096;9.645492553710938;-1.271546483039856
1750712086243;-1.2584946155548096;9.645492553710938;-1.271546483039856
1750712086290;-1.2584946155548096;9.645492553710938;-1.271546483039856
1750712086345;-1.2584946155548096;9.645492553710938;-1.271546483039856
1750712086392;-1.2584946155548096;9.645492553710938;-1.271546483039856
1750712086438;-1.2584946155548096;9.645492553710938;-1.271546483039856
1750712086489;-1.2584946155548096;9.645492553710938;-1.271546483039856
1750712086542;-1.2584946155548096;9.645492553710938;-1.271546483039856
1750712086590;-1.2584946155548096;9.645492553710938;-1.271546483039856
1750712086638;-1.2584946155548096;9.645492553710938;-1.271546483039856
1750712086694;-1.2584946155548096;9.645492553710938;-1.271546483039856
1750712086739;-1.2584946155548096;9.645492553710938;-1.271546483039856
1750712086789;-1.2584946155548096;9.645492553710938;-1.271546483039856
1750712086839;-1.2584946155548096;9.645492553710938;-1.271546483039856
1750712086889;-1.2584946155548096;9.645492553710938;-1.271546483039856
1750712086939;-1.2584946155548096;9.645492553710938;-1.271546483039856
1750712086989;-1.2584946155548096;9.645492553710938;-1.271546483039856
1750712087042;-1.2584946155548096;9.645492553710938;-1.271546483039856
1750712087090;-1.2584946155548096;9.645492553710938;-1.271546483039856
1750712087145;-1.2584946155548096;9.645492553710938;-1.271546483039856
1750712087189;-1.2584946155548096;9.645492553710938;-1.271546483039856
1750712087239;-1.2584946155548096;9.645492553710938;-1.271546483039856
1750712087286;-1.2584946155548096;9.645492553710938;-1.271546483039856
1750712087341;-1.2584946155548096;9.645492553710938;-1.271546483039856
1750712087389;-1.2584946155548096;9.645492553710938;-1.271546483039856
1750712087443;-1.2584946155548096;9.645492553710938;-1.271546483039856
1750712087490;-1.2584946155548096;9.645492553710938;-1.271546483039856
1750712087539;-1.2584946155548096;9.645492553710938;-1.271546483039856
1750712087585;-1.2584946155548096;9.645492553710938;-1.271546483039856
1750712087639;-1.2584946155548096;9.645492553710938;-1.271546483039856
1750712087685;-1.2584946155548096;9.645492553710938;-1.271546483039856
1750712087743;-1.2584946155548096;9.645492553710938;-1.271546483039856
1750712087790;-1.2584946155548096;9.645492553710938;-1.271546483039856
1750712087846;-1.2584946155548096;9.645492553710938;-1.271546483039856
1750712087889;-1.2584946155548096;9.645492553710938;-1.271546483039856
1750712087946;-1.2584946155548096;9.645492553710938;-1.271546483039856
1750712087987;-1.2584946155548096;9.645492553710938;-1.271546483039856
1750712088039;-1.2584946155548096;9.645492553710938;-1.271546483039856
1750712088099;-1.2584946155548096;9.645492553710938;-1.271546483039856
1750712088138;-1.2584946155548096;9.645492553710938;-1.271546483039856
1750712088185;-1.2584946155548096;9.645492553710938;-1.271546483039856
1750712088242;-1.2584946155548096;9.645492553710938;-1.271546483039856
1750712088292;-1.2584946155548096;9.645492553710938;-1.271546483039856
1750712088335;-1.2584946155548096;9.645492553710938;-1.271546483039856
1750712088391;-1.2584946155548096;9.645492553710938;-1.271546483039856
1750712088442;-1.2584946155548096;9.645492553710938;-1.271546483039856
1750712088486;-1.2584946155548096;9.645492553710938;-1.271546483039856
1750712088538;-1.2584946155548096;9.645492553710938;-1.271546483039856
1750712088592;-1.2584946155548096;9.645492553710938;-1.271546483039856
1750712088641;-1.2584946155548096;9.645492553710938;-1.271546483039856
1750712088693;-1.2584946155548096;9.645492553710938;-1.271546483039856
1750712088742;-1.2584946155548096;9.645492553710938;-1.271546483039856
1750712088790;-1.2584946155548096;9.645492553710938;-1.271546483039856
1750712088842;-1.2584946155548096;9.645492553710938;-1.271546483039856
1750712088885;-1.2584946155548096;9.645492553710938;-1.271546483039856
1750712088939;-1.2584946155548096;9.645492553710938;-1.271546483039856
1750712088991;-1.2584946155548096;9.645492553710938;-1.271546483039856
1750712089042;-1.2584946155548096;9.645492553710938;-1.271546483039856
1750712089086;-1.2584946155548096;9.645492553710938;-1.271546483039856
1750712089142;-1.2584946155548096;9.645492553710938;-1.271546483039856
1750712089191;-1.2584946155548096;9.645492553710938;-1.271546483039856
1750712089242;-1.2584946155548096;9.645492553710938;-1.271546483039856
1750712089291;-1.2584946155548096;9.645492553710938;-1.271546483039856
1750712089342;-1.2584946155548096;9.645492553710938;-1.271546483039856
1750712089389;-1.2584946155548096;9.645492553710938;-1.271546483039856
1750712089437;-1.2584946155548096;9.645492553710938;-1.271546483039856
1750712089489;-1.2584946155548096;9.645492553710938;-1.271546483039856
1750712089543;-1.2584946155548096;9.645492553710938;-1.271546483039856
1750712089590;-1.2584946155548096;9.645492553710938;-1.271546483039856
1750712089642;-1.2584946155548096;9.645492553710938;-1.271546483039856
1750712089690;-1.2584946155548096;9.645492553710938;-1.271546483039856
1750712089738;-1.2584946155548096;9.645492553710938;-1.271546483039856
1750712089789;-1.2584946155548096;9.645492553710938;-1.271546483039856
1750712089838;-1.2584946155548096;9.645492553710938;-1.271546483039856
1750712089889;-1.2584946155548096;9.645492553710938;-1.271546483039856
1750712089941;-1.2584946155548096;9.645492553710938;-1.271546483039856
1750712089990;-1.2584946155548096;9.645492553710938;-1.271546483039856
1750712090045;-1.2584946155548096;9.645492553710938;-1.271546483039856
1750712090089;-1.2584946155548096;9.645492553710938;-1.271546483039856
1750712090145;-1.2584946155548096;9.645492553710938;-1.271546483039856
1750712090191;-1.2584946155548096;9.645492553710938;-1.271546483039856
1750712090243;-1.2584946155548096;9.645492553710938;-1.271546483039856
1750712090290;-1.2584946155548096;9.645492553710938;-1.271546483039856
1750712090342;-1.2584946155548096;9.645492553710938;-1.271546483039856
1750712090391;-1.2584946155548096;9.645492553710938;-1.271546483039856
1750712090441;-1.2584946155548096;9.645492553710938;-1.271546483039856
1750712090490;-1.2584946155548096;9.645492553710938;-1.271546483039856
1750712090547;-1.2584946155548096;9.645492553710938;-1.271546483039856
1750712090585;-1.2584946155548096;9.645492553710938;-1.271546483039856
1750712090646;-1.2584946155548096;9.645492553710938;-1.271546483039856
1750712090690;-1.2584946155548096;9.645492553710938;-1.271546483039856
1750712090807;-1.2584946155548096;9.645492553710938;-1.271546483039856
1750712090839;-1.2584946155548096;9.645492553710938;-1.271546483039856
1750712090889;-1.2584946155548096;9.645492553710938;-1.271546483039856
1750712090942;-1.2584946155548096;9.645492553710938;-1.271546483039856
1750712090986;-1.2584946155548096;9.645492553710938;-1.271546483039856
1750712091044;-1.2584946155548096;9.645492553710938;-1.271546483039856
1750712091090;-1.2584946155548096;9.645492553710938;-1.271546483039856
1750712091143;-1.2584946155548096;9.645492553710938;-1.271546483039856
1750712091190;-1.2584946155548096;9.645492553710938;-1.271546483039856
1750712091242;-1.2584946155548096;9.645492553710938;-1.271546483039856
1750712091292;-1.2584946155548096;9.645492553710938;-1.271546483039856
1750712091343;-1.2584946155548096;9.645492553710938;-1.271546483039856
1750712091385;-1.2584946155548096;9.645492553710938;-1.271546483039856
1750712091441;-1.2584946155548096;9.645492553710938;-1.271546483039856
1750712091485;-1.2584946155548096;9.645492553710938;-1.271546483039856
1750712091555;-1.2584946155548096;9.645492553710938;-1.271546483039856
1750712091589;-1.2584946155548096;9.645492553710938;-1.271546483039856
1750712091644;-1.2584946155548096;9.645492553710938;-1.271546483039856
1750712091690;-1.2584946155548096;9.645492553710938;-1.271546483039856
1750712091738;-1.2584946155548096;9.645492553710938;-1.271546483039856
1750712091791;-1.2584946155548096;9.645492553710938;-1.271546483039856
1750712091841;-1.2584946155548096;9.645492553710938;-1.271546483039856
1750712091885;-1.2584946155548096;9.645492553710938;-1.271546483039856
1750712091939;-1.2584946155548096;9.645492553710938;-1.271546483039856
1750712091990;-1.2584946155548096;9.645492553710938;-1.271546483039856
1750712092043;-1.2584946155548096;9.645492553710938;-1.271546483039856
1750712092086;-1.2584946155548096;9.645492553710938;-1.271546483039856
1750712092142;-1.2584946155548096;9.645492553710938;-1.271546483039856
1750712092185;-1.2584946155548096;9.645492553710938;-1.271546483039856
1750712092245;-1.2584946155548096;9.645492553710938;-1.271546483039856
1750712092291;-1.2584946155548096;9.645492553710938;-1.271546483039856
1750712092349;-1.2584946155548096;9.645492553710938;-1.271546483039856
1750712092385;-1.2584946155548096;9.645492553710938;-1.271546483039856
1750712092440;-1.2584946155548096;9.645492553710938;-1.271546483039856
1750712092489;-1.2584946155548096;9.645492553710938;-1.271546483039856
1750712092539;-1.2584946155548096;9.645492553710938;-1.271546483039856
1750712092590;-1.2584946155548096;9.645492553710938;-1.271546483039856
1750712092643;-1.2584946155548096;9.645492553710938;-1.271546483039856
1750712092689;-1.2584946155548096;9.645492553710938;-1.271546483039856
1750712092744;-1.2584946155548096;9.645492553710938;-1.271546483039856
1750712092791;-1.2584946155548096;9.645492553710938;-1.271546483039856
1750712092842;-1.2584946155548096;9.645492553710938;-1.271546483039856
1750712092893;-1.2584946155548096;9.645492553710938;-1.271546483039856
1750712092942;-1.2584946155548096;9.645492553710938;-1.271546483039856
1750712092985;-1.2584946155548096;9.645492553710938;-1.271546483039856
1750712093039;-1.2584946155548096;9.645492553710938;-1.271546483039856
1750712093091;-1.2584946155548096;9.645492553710938;-1.271546483039856
1750712093142;-1.2584946155548096;9.645492553710938;-1.271546483039856
1750712093195;-1.2584946155548096;9.645492553710938;-1.271546483039856
1750712093246;-1.2584946155548096;9.645492553710938;-1.271546483039856
1750712093291;-1.2584946155548096;9.645492553710938;-1.271546483039856
1750712093350;-1.2584946155548096;9.645492553710938;-1.271546483039856
1750712093386;-1.2584946155548096;9.645492553710938;-1.271546483039856
1750712093439;-1.2584946155548096;9.645492553710938;-1.271546483039856
1750712093485;-1.2584946155548096;9.645492553710938;-1.271546483039856
1750712093541;-1.2584946155548096;9.645492553710938;-1.271546483039856
1750712093589;-1.2584946155548096;9.645492553710938;-1.271546483039856
1750712093646;-1.2584946155548096;9.645492553710938;-1.271546483039856
1750712093692;-1.2584946155548096;9.645492553710938;-1.271546483039856
1750712093740;-1.2584946155548096;9.645492553710938;-1.271546483039856
1750712093790;-1.2584946155548096;9.645492553710938;-1.271546483039856
1750712093839;-1.2584946155548096;9.645492553710938;-1.271546483039856
1750712093889;-1.2584946155548096;9.645492553710938;-1.271546483039856
1750712093942;-1.2584946155548096;9.645492553710938;-1.271546483039856
1750712093991;-1.2584946155548096;9.645492553710938;-1.271546483039856
1750712094038;-1.2584946155548096;9.645492553710938;-1.271546483039856
1750712094091;-1.2584946155548096;9.645492553710938;-1.271546483039856
1750712094143;-1.2584946155548096;9.645492553710938;-1.271546483039856
1750712094190;-1.2584946155548096;9.645492553710938;-1.271546483039856
1750712094239;-1.2584946155548096;9.645492553710938;-1.271546483039856
1750712094291;-1.2584946155548096;9.645492553710938;-1.271546483039856
1750712094344;-1.2584946155548096;9.645492553710938;-1.271546483039856
1750712094389;-1.2584946155548096;9.645492553710938;-1.271546483039856
1750712094442;-1.2584946155548096;9.645492553710938;-1.271546483039856
1750712094490;-1.2584946155548096;9.645492553710938;-1.271546483039856
1750712094543;-1.2584946155548096;9.645492553710938;-1.271546483039856
1750712094586;-1.2584946155548096;9.645492553710938;-1.271546483039856
1750712094643;-1.2584946155548096;9.645492553710938;-1.271546483039856
1750712094690;-1.2584946155548096;9.645492553710938;-1.271546483039856
1750712094739;-1.2584946155548096;9.645492553710938;-1.271546483039856
1750712094791;-1.2584946155548096;9.645492553710938;-1.271546483039856
1750712094842;-1.2584946155548096;9.645492553710938;-1.271546483039856
1750712094885;-1.2584946155548096;9.645492553710938;-1.271546483039856
1750712094939;-1.2584946155548096;9.645492553710938;-1.271546483039856
1750712094990;-1.2584946155548096;9.645492553710938;-1.271546483039856
1750712095042;-1.2584946155548096;9.645492553710938;-1.271546483039856
1750712095087;-1.2584946155548096;9.645492553710938;-1.271546483039856
1750712095139;-1.2584946155548096;9.645492553710938;-1.271546483039856
1750712095190;-1.2584946155548096;9.645492553710938;-1.271546483039856
1750712095239;-1.2584946155548096;9.645492553710938;-1.271546483039856
1750712095292;-1.2584946155548096;9.645492553710938;-1.271546483039856
1750712095345;-1.2584946155548096;9.645492553710938;-1.271546483039856
1750712095390;-1.2584946155548096;9.645492553710938;-1.271546483039856
1750712095443;-1.2584946155548096;9.645492553710938;-1.271546483039856
1750712095491;-1.2584946155548096;9.645492553710938;-1.271546483039856
1750712095537;-1.2584946155548096;9.645492553710938;-1.271546483039856
1750712095585;-1.2584946155548096;9.645492553710938;-1.271546483039856
1750712095645;-1.2584946155548096;9.645492553710938;-1.271546483039856
1750712095690;-1.2584946155548096;9.645492553710938;-1.271546483039856
1750712095737;-1.2584946155548096;9.645492553710938;-1.271546483039856
1750712095793;-1.2584946155548096;9.645492553710938;-1.271546483039856
1750712095839;-1.2584946155548096;9.645492553710938;-1.271546483039856
1750712095886;-1.2584946155548096;9.645492553710938;-1.271546483039856
1750712095938;-1.2584946155548096;9.645492553710938;-1.271546483039856
1750712095990;-1.2584946155548096;9.645492553710938;-1.271546483039856
1750712096041;-1.2584946155548096;9.645492553710938;-1.271546483039856
1750712096092;-1.2584946155548096;9.645492553710938;-1.271546483039856
1750712096146;-1.2584946155548096;9.645492553710938;-1.271546483039856
1750712096190;-1.2584946155548096;9.645492553710938;-1.271546483039856
1750712096243;-1.2584946155548096;9.645492553710938;-1.271546483039856
1750712096293;-1.2584946155548096;9.645492553710938;-1.271546483039856
1750712096338;-1.2584946155548096;9.645492553710938;-1.271546483039856
1750712096392;-1.2584946155548096;9.645492553710938;-1.271546483039856
1750712096442;-1.2584946155548096;9.645492553710938;-1.271546483039856
1750712096491;-1.2584946155548096;9.645492553710938;-1.271546483039856
1750712096544;-1.2584946155548096;9.645492553710938;-1.271546483039856
1750712096592;-1.2584946155548096;9.645492553710938;-1.271546483039856
1750712096643;-1.2584946155548096;9.645492553710938;-1.271546483039856
1750712096689;-1.2584946155548096;9.645492553710938;-1.271546483039856
1750712096741;-1.2584946155548096;9.645492553710938;-1.271546483039856
1750712096785;-1.2584946155548096;9.645492553710938;-1.271546483039856
1750712096842;-1.2584946155548096;9.645492553710938;-1.271546483039856
1750712096889;-1.2584946155548096;9.645492553710938;-1.271546483039856
1750712096939;-1.2584946155548096;9.645492553710938;-1.271546483039856
1750712096991;-1.2584946155548096;9.645492553710938;-1.271546483039856
1750712097043;-1.2584946155548096;9.645492553710938;-1.271546483039856
1750712097085;-1.2584946155548096;9.645492553710938;-1.271546483039856
1750712097139;-1.2584946155548096;9.645492553710938;-1.271546483039856
1750712097186;-1.2584946155548096;9.645492553710938;-1.271546483039856
1750712097242;-1.2584946155548096;9.645492553710938;-1.271546483039856
1750712097290;-1.2584946155548096;9.645492553710938;-1.271546483039856
1750712097337;-1.2584946155548096;9.645492553710938;-1.271546483039856
1750712097389;-1.2584946155548096;9.645492553710938;-1.271546483039856
1750712097443;-1.2584946155548096;9.645492553710938;-1.271546483039856
1750712097491;-1.2584946155548096;9.645492553710938;-1.271546483039856
1750712097541;-1.2584946155548096;9.645492553710938;-1.271546483039856
1750712097591;-1.2584946155548096;9.645492553710938;-1.271546483039856
1750712097643;-1.2584946155548096;9.645492553710938;-1.271546483039856
1750712097692;-1.2584946155548096;9.645492553710938;-1.271546483039856
1750712097746;-1.2584946155548096;9.645492553710938;-1.271546483039856
1750712097789;-0.8122210502624512;9.804161071777344;-1.0292658805847168
1750712097845;0.8342944383621216;9.773283004760742;-0.3235057294368744
1750712097889;3.576141119003296;9.082806587219238;0.975694477558136
1750712097942;5.918558120727539;7.520275592803955;2.156994104385376
1750712097985;5.975043773651123;7.46710729598999;2.1855781078338623
1750712098041;4.121342182159424;8.815166473388672;1.2421566247940063
1750712098090;1.873790979385376;9.628007888793945;0.1571490615606308
1750712098142;1.8772011995315552;9.627016067504883;0.1589781790971756
1750712098191;3.924293279647827;8.918279647827148;1.1429811716079712
1750712098242;5.0146331787109375;8.260324478149414;1.6898562908172607
1750712098292;3.093440055847168;9.280754089355469;0.7342820167541504
1750712098343;1.9172247648239136;9.619327545166016;0.1799355298280716
1750712098385;3.2833893299102783;9.206783294677734;0.83169025182724
1750712098446;5.934957981109619;7.504898548126221;2.165271759033203
1750712098486;8.009207725524902;4.586805820465088;3.3240950107574463
1750712098541;8.38302993774414;3.644097328186035;3.5613532066345215
1750712098591;7.5416669845581055;5.484995365142822;3.045232057571411
1750712098645;6.557075023651123;6.856337070465088;2.496093988418579
1750712098691;5.92100715637207;7.517795562744141;2.15879225730896
1750712098742;5.649584770202637;7.76202917098999;2.017268180847168
1750712098792;5.630642890930176;7.7783050537109375;2.0074405670166016
1750712098842;5.630642890930176;7.7783050537109375;2.0074405670166016
1750712098890;5.630642890930176;7.7783050537109375;2.0074405670166016
1750712098942;5.630642890930176;7.7783050537109375;2.0074405670166016
1750712098990;5.630642890930176;7.7783050537109375;2.0074405670166016
1750712099043;5.630642890930176;7.7783050537109375;2.0074405670166016
1750712099086;5.630642890930176;7.7783050537109375;2.0074405670166016
1750712099142;5.297619342803955;8.012091636657715;1.9868242740631104
1750712099189;3.773406744003296;8.830109596252441;2.006913661956787
1750712099246;1.0821863412857056;9.541512489318848;2.0056114196777344
1750712099290;-2.510664939880371;9.26838493347168;2.0074405670166016
1750712099348;-5.209139823913574;8.068018913269043;2.0013022422790527
1750712099391;-4.5808844566345215;8.440228462219238;2.0050225257873535
1750712099440;-1.7257565259933472;9.446025848388672;2.0071306228637695
1750712099494;2.1664187908172607;9.354818344116211;2.0074405670166016
1750712099540;4.389912128448486;8.539931297302246;2.0085256099700928
1750712099590;2.8127171993255615;9.18077278137207;2.00899076461792
1750712099639;-1.0842324495315552;9.540985107421875;2.0074405670166016
1750712099690;-5.2900238037109375;8.01388931274414;2.0071306228637695
1750712099740;-7.184276103973389;6.371249198913574;2.007378578186035
1750712099790;-6.364304542541504;7.19063138961792;2.006727457046509
1750712099839;-3.5523624420166016;8.921286582946777;2.0066964626312256
1750712099891;0.4932105839252472;9.589720726013184;2.0074405670166016
1750712099941;4.550564289093018;8.455667495727539;2.0074405670166016
1750712099985;7.607794284820557;5.85900354385376;2.0074405670166016
1750712100051;9.303913116455078;2.3756511211395264;2.0074715614318848
1750712100086;9.59933090209961;0.243086576461792;2.0074715614318848
1750712100134;9.580946922302246;-0.6416481137275696;2.0074715614318848
1750712100190;9.574095726013184;-0.7367621660232544;2.0074405670166016
1750712100242;9.574095726013184;-0.7367621660232544;2.0074405670166016
1750712100292;9.574095726013184;-0.7367621660232544;2.0074405670166016
1750712100347;9.574095726013184;-0.7367621660232544;2.0074405670166016
1750712100463;9.574095726013184;-0.7367621660232544;2.0074405670166016
1750712100509;9.574095726013184;-0.7367621660232544;2.0074405670166016
1750712100596;9.574095726013184;-0.7367621660232544;2.0074405670166016
1750712100645;9.574095726013184;-0.7367621660232544;2.0074405670166016
1750712100694;9.574095726013184;-0.7367621660232544;2.0074405670166016
1750712100745;9.574095726013184;-0.7367621660232544;2.0074405670166016
1750712100791;9.574095726013184;-0.7367621660232544;2.0074405670166016
1750712100844;9.574095726013184;-0.7367621660232544;2.0074405670166016
1750712100890;9.574095726013184;-0.7367621660232544;2.0074405670166016
1750712100953;9.574095726013184;-0.7367621660232544;2.0074405670166016
1750712100990;9.574095726013184;-0.7367621660232544;2.0074405670166016
1750712101039;9.574095726013184;-0.7367621660232544;2.0074405670166016
1750712101095;9.574095726013184;-0.7367621660232544;2.0074405670166016
1750712101143;9.574095726013184;-0.7367621660232544;2.0074405670166016
1750712101185;9.574095726013184;-0.7367621660232544;2.0074405670166016
1750712101240;9.574095726013184;-0.7367621660232544;2.0074405670166016
1750712101286;9.574095726013184;-0.7367621660232544;2.0074405670166016
1750712101338;9.574095726013184;-0.7367621660232544;2.0074405670166016
1750712101393;9.574095726013184;-0.7367621660232544;2.0074405670166016
1750712101443;9.574095726013184;-0.7367621660232544;2.0074405670166016
1750712101485;9.574095726013184;-0.7367621660232544;2.0074405670166016
1750712101538;9.574095726013184;-0.7367621660232544;2.0074405670166016
1750712101585;9.574095726013184;-0.7367621660232544;2.0074405670166016
1750712101641;9.574095726013184;-0.7367621660232544;2.0074405670166016
1750712101685;9.574095726013184;-0.7367621660232544;2.0074405670166016
1750712101737;9.608941078186035;-0.4003286361694336;1.8997397422790527
1750712101830;9.567708969116211;0.8252418637275696;2.0021703243255615
1750712101901;8.312066078186035;4.807973861694336;2.007192611694336
1750712101938;6.591301441192627;6.98400354385376;2.004681348800659
1750712101991;4.342479228973389;8.564980506896973;2.0034103393554688
1750712102059;1.950179934501648;9.402685165405273;2.0063555240631104
1750712102090;-0.3858817219734192;9.595083236694336;2.0040924549102783
1750712102141;-2.398437738418579;9.298053741455078;2.0074405670166016
1750712102191;-3.750124216079712;8.839844703674316;2.0074405670166016
1750712102241;-4.323567867279053;8.573970794677734;2.0074405670166016
1750712102293;-4.374256134033203;8.548208236694336;2.0074405670166016
1750712102679;-4.374256134033203;8.548208236694336;2.0074405670166016
1750712102746;-1.6147074699401855;9.465681076049805;2.0074405670166016
1750712102786;-1.1664496660232544;9.531312942504883;2.0074405670166016
1750712102846;-0.924386203289032;9.560020446777344;1.999380111694336
1750712102885;-0.4814918339252472;9.590340614318848;2.0074405670166016
1750712102945;-0.3852926790714264;9.594680786132812;2.0074405670166016
1750712102989;-0.3852926790714264;9.594680786132812;2.0074405670166016
1750712103042;-0.3852926790714264;9.594680786132812;2.0074405670166016
1750712103085;-0.3852926790714264;9.594680786132812;2.0074405670166016
1750712103150;-0.3852926790714264;9.594680786132812;2.0074405670166016
1750712103194;-0.3852926790714264;9.594680786132812;2.0074405670166016
1750712103241;-0.3852926790714264;9.594680786132812;2.0074405670166016
1750712103288;-0.3852926790714264;9.594680786132812;2.0074405670166016
1750712103345;-0.3852926790714264;9.594680786132812;2.0074405670166016
1750712103386;-0.3852926790714264;9.594680786132812;2.0074405670166016
1750712103444;-0.3852926790714264;9.594680786132812;2.0074405670166016
1750712103485;-0.3852926790714264;9.594680786132812;2.0074405670166016
1750712103537;-0.3852926790714264;9.594680786132812;2.0074405670166016
1750712103585;-0.3852926790714264;9.594680786132812;2.0074405670166016
1750712103637;-0.3852926790714264;9.594680786132812;2.0074405670166016
1750712103685;-0.3852926790714264;9.594680786132812;2.0074405670166016
1750712103802;-0.3852926790714264;9.594680786132812;2.0074405670166016
1750712103841;-0.3852926790714264;9.594680786132812;2.0074405670166016
1750712103899;-0.3852926790714264;9.594680786132812;2.0074405670166016
1750712103941;-0.3852926790714264;9.594680786132812;2.0074405670166016
1750712103986;-0.3852926790714264;9.594680786132812;2.0074405670166016
1750712104045;-0.3852926790714264;9.594680786132812;2.0074405670166016
1750712104095;-0.3852926790714264;9.594680786132812;2.0074405670166016
1750712104141;-0.3852926790714264;9.594680786132812;2.0074405670166016
1750712104190;-0.3852926790714264;9.594680786132812;2.0074405670166016
1750712104239;-1.1288132667541504;9.179502487182617;3.8471603393554688
1750712104290;-0.924231231212616;9.293527603149414;3.3430681228637695
1750712104343;-0.8029204607009888;9.36108112335205;3.044611930847168
1750712104395;-0.6715030074119568;9.434524536132812;2.719029188156128
1750712104437;-0.4398871660232544;9.564019203186035;2.1441903114318848
1750712104493;0.2032490223646164;9.92354965209961;0.5488281846046448
1750712104538;1.2032181024551392;10.482515335083008;-1.9309897422790527
1750712104585;1.5053324699401855;10.651413917541504;-2.680307626724243
1750712104642;1.1947544813156128;10.477803230285645;-1.9102803468704224
1750712104690;0.5747148394584656;10.131200790405273;-0.3728918731212616
1750712104739;-0.1987227350473404;9.69894027709961;1.5447978973388672
1750712104785;-1.0572607517242432;9.219122886657715;3.673487424850464
1750712104842;-3.197389841079712;8.023035049438477;8.979508399963379
1750712104885;-3.5516185760498047;7.825056076049805;9.857701301574707
1750712104943;-2.4352989196777344;8.44894027709961;7.090030193328857
1750712104992;-1.09043288230896;9.200583457946777;3.7557356357574463
1750712105044;0.02470858208835125;9.823816299438477;0.9909474849700928
1750712105086;0.02470858208835125;9.823816299438477;0.9909474849700928
1750712105142;3.4792909622192383;11.754495620727539;-7.573878288269043
1750712105191;1.9847781658172607;10.919209480285645;-3.868520736694336
1750712105243;0.0996093824505806;9.865669250488281;0.8053075671195984
1750712105286;0.0996093824505806;9.865669250488281;0.8053075671195984
1750712105345;-8.448474884033203;5.08829402923584;21.9982967376709
1750712105389;-8.448474884033203;5.08829402923584;21.9982967376709
1750712105439;-0.4421813189983368;9.562872886657715;2.1485307216644287
1750712105485;-0.4421813189983368;9.562872886657715;2.1485307216644287
1750712105539;2.5531375408172607;11.236886978149414;-5.277716159820557
1750712105590;3.661954641342163;11.856585502624512;-8.026755332946777
1750712105641;3.1396331787109375;11.564702033996582;-6.731770992279053
1750712105690;2.223431348800659;11.052611351013184;-4.460193634033203
1750712105742;1.3222967386245728;10.549015045166016;-2.226097583770752
1750712105791;0.2761656939983368;9.964347839355469;0.367559552192688
1750712105841;-2.072730779647827;8.651599884033203;6.191065788269043
1750712105892;-5.079892635345459;6.970951557159424;13.64670181274414
1750712105941;-3.7584328651428223;7.7094807624816895;10.37041187286377
1750712105989;-1.344184160232544;9.058749198913574;4.384859085083008
1750712106042;1.62363600730896;10.717386245727539;-2.9731833934783936
1750712106089;4.1762776374816895;12.144004821777344;-9.30186653137207
1750712106139;-3.4404454231262207;7.887184143066406;9.582000732421875
1750712106192;-0.3852926790714264;9.594680786132812;2.0074405670166016
1750712106241;-0.3852926790714264;9.594680786132812;2.0074405670166016
1750712106289;-0.3852926790714264;9.594680786132812;2.0074405670166016
1750712106341;-0.3852926790714264;9.594680786132812;2.0074405670166016
1750712106391;-0.3852926790714264;9.594680786132812;2.0074405670166016
1750712106441;-0.3852926790714264;9.594680786132812;2.0074405670166016
1750712106490;-0.3852926790714264;9.594680786132812;2.0074405670166016
1750712106541;-0.3852926790714264;9.594680786132812;2.0074405670166016
1750712106591;-0.3852926790714264;9.594680786132812;2.0074405670166016
1750712106643;-0.3852926790714264;9.594680786132812;2.0074405670166016
1750712106685;-0.3852926790714264;9.594680786132812;2.0074405670166016
1750712106742;-0.3852926790714264;9.594680786132812;2.0074405670166016
1750712106786;-0.3852926790714264;9.594680786132812;2.0074405670166016
1750712106837;-0.3852926790714264;9.594680786132812;2.0074405670166016
1750712106886;-0.3852926790714264;9.594680786132812;2.0074405670166016
1750712106943;-0.3852926790714264;9.594680786132812;2.0074405670166016
1750712106991;-0.3852926790714264;9.594680786132812;2.0074405670166016
1750712107041;-0.3852926790714264;9.594680786132812;2.0074405670166016
1750712107090;-0.3852926790714264;9.594680786132812;2.0074405670166016
1750712107146;-0.3852926790714264;9.594680786132812;2.0074405670166016
1750712107191;-0.3852926790714264;9.594680786132812;2.0074405670166016
1750712107241;-0.3852926790714264;9.594680786132812;2.0074405670166016
1750712107290;-0.3852926790714264;9.594680786132812;2.0074405670166016
1750712107337;-0.3852926790714264;9.594680786132812;2.0074405670166016
1750712107390;-0.3852926790714264;9.594680786132812;2.0074405670166016
1750712107438;-0.3852926790714264;9.594680786132812;2.0074405670166016
1750712107491;-0.3852926790714264;9.594680786132812;2.0074405670166016
1750712107544;-0.3852926790714264;9.594680786132812;2.0074405670166016
1750712107585;-0.3852926790714264;9.594680786132812;2.0074405670166016
1750712107644;-0.3852926790714264;9.594680786132812;2.0074405670166016
1750712107690;-0.3852926790714264;9.594680786132812;2.0074405670166016
1750712107741;-0.3852926790714264;9.594680786132812;2.0074405670166016
1750712107793;-0.3852926790714264;9.594680786132812;2.0074405670166016
1750712107840;-0.3852926790714264;9.594680786132812;2.0074405670166016
1750712107893;-0.3852926790714264;9.594680786132812;2.0074405670166016
1750712107941;-0.3852926790714264;9.594680786132812;2.0074405670166016
1750712107989;-0.3852926790714264;9.594680786132812;2.0074405670166016
1750712108044;-0.3852926790714264;9.594680786132812;2.0074405670166016
1750712108091;-0.3852926790714264;9.594680786132812;2.0074405670166016
1750712108138;-0.3852926790714264;9.594680786132812;2.0074405670166016
1750712108193;-0.3852926790714264;9.594680786132812;2.0074405670166016
1750712108242;-0.3852926790714264;9.594680786132812;2.0074405670166016
1750712108291;-0.3852926790714264;9.594680786132812;2.0074405670166016
1750712108343;-0.3852926790714264;9.594680786132812;2.0074405670166016
1750712108393;-0.3852926790714264;9.594680786132812;2.0074405670166016
1750712108478;-0.3852926790714264;9.594680786132812;2.0074405670166016
1750712108510;-0.3852926790714264;9.594680786132812;2.0074405670166016
1750712108538;-0.3852926790714264;9.594680786132812;2.0074405670166016
1750712108592;-0.3852926790714264;9.594680786132812;2.0074405670166016
1750712108643;-0.3852926790714264;9.594680786132812;2.0074405670166016
1750712108686;-0.3852926790714264;9.594680786132812;2.0074405670166016
1750712108742;-0.3852926790714264;9.594680786132812;2.0074405670166016
1750712108790;-0.3852926790714264;9.594680786132812;2.0074405670166016
1750712108842;-0.3852926790714264;9.594680786132812;2.0074405670166016
1750712108887;-0.3852926790714264;9.594680786132812;2.0074405670166016
1750712108940;-0.3852926790714264;9.594680786132812;2.0074405670166016
1750712108989;-0.3852926790714264;9.594680786132812;2.0074405670166016
1750712109042;-0.3852926790714264;9.594680786132812;2.0074405670166016
1750712109089;-0.3852926790714264;9.594680786132812;2.0074405670166016
1750712109145;-0.3852926790714264;9.594680786132812;2.0074405670166016
1750712109199;-0.3852926790714264;9.594680786132812;2.0074405670166016
1750712109238;-0.3852926790714264;9.594680786132812;2.0074405670166016
1750712109291;-0.3852926790714264;9.594680786132812;2.0074405670166016
1750712109343;-0.3852926790714264;9.594680786132812;2.0074405670166016
1750712109390;-0.3852926790714264;9.594680786132812;2.0074405670166016
1750712109444;-0.3852926790714264;9.594680786132812;2.0074405670166016
1750712109491;-0.3852926790714264;9.594680786132812;2.0074405670166016
1750712109538;-0.3852926790714264;9.594680786132812;2.0074405670166016
1750712109590;-0.3852926790714264;9.594680786132812;2.0074405670166016
1750712109642;-0.3852926790714264;9.594680786132812;2.0074405670166016
1750712109693;-0.3852926790714264;9.594680786132812;2.0074405670166016
1750712109743;-0.3852926790714264;9.594680786132812;2.0074405670166016
1750712109790;-0.3852926790714264;9.594680786132812;2.0074405670166016
1750712109845;-0.3852926790714264;9.594680786132812;2.0074405670166016
1750712109886;-0.3852926790714264;9.594680786132812;2.0074405670166016
1750712109938;-0.3852926790714264;9.594680786132812;2.0074405670166016
1750712109990;-0.3852926790714264;9.594680786132812;2.0074405670166016
1750712110041;-0.3852926790714264;9.594680786132812;2.0074405670166016
1750712110093;-0.3852926790714264;9.594680786132812;2.0074405670166016
1750712110142;-0.3852926790714264;9.594680786132812;2.0074405670166016
1750712110190;-0.3852926790714264;9.594680786132812;2.0074405670166016
1750712110241;-0.3852926790714264;9.594680786132812;2.0074405670166016
1750712110291;-0.3852926790714264;9.594680786132812;2.0074405670166016
1750712110346;-0.3852926790714264;9.594680786132812;2.0074405670166016
1750712110386;-0.3852926790714264;9.594680786132812;2.0074405670166016
1750712110441;-0.3852926790714264;9.594680786132812;2.0074405670166016
1750712110490;-0.3852926790714264;9.594680786132812;2.0074405670166016
1750712110541;-0.3852926790714264;9.594680786132812;2.0074405670166016
1750712110591;-0.3852926790714264;9.594680786132812;2.0074405670166016
1750712110639;-0.3852926790714264;9.594680786132812;2.0074405670166016
1750712110686;-0.3852926790714264;9.594680786132812;2.0074405670166016
1750712110738;-0.3852926790714264;9.594680786132812;2.0074405670166016
1750712110789;-0.3852926790714264;9.594680786132812;2.0074405670166016
1750712110841;-0.3852926790714264;9.594680786132812;2.0074405670166016
1750712110895;-0.3852926790714264;9.594680786132812;2.0074405670166016
1750712110942;-0.3852926790714264;9.594680786132812;2.0074405670166016
1750712110990;-0.3852926790714264;9.594680786132812;2.0074405670166016
1750712111043;-0.3852926790714264;9.594680786132812;2.0074405670166016
1750712111086;-0.3852926790714264;9.594680786132812;2.0074405670166016
1750712111143;-0.3852926790714264;9.594680786132812;2.0074405670166016
1750712111191;-0.3852926790714264;9.594680786132812;2.0074405670166016
1750712111239;-0.3852926790714264;9.594680786132812;2.0074405670166016
1750712111289;-0.3852926790714264;9.594680786132812;2.0074405670166016
1750712111343;-0.3852926790714264;9.594680786132812;2.0074405670166016
1750712111386;-0.3852926790714264;9.594680786132812;2.0074405670166016
1750712111443;-0.3852926790714264;9.594680786132812;2.0074405670166016
1750712111485;-0.3852926790714264;9.594680786132812;2.0074405670166016
1750712111633;-0.3852926790714264;9.594680786132812;2.0074405670166016
1750712111690;-0.3852926790714264;9.594680786132812;2.0074405670166016
1750712111741;-0.3852926790714264;9.594680786132812;2.0074405670166016
1750712111792;-0.3852926790714264;9.594680786132812;2.0074405670166016
1750712111841;-0.3852926790714264;9.594680786132812;2.0074405670166016
1750712111894;-0.3852926790714264;9.594680786132812;2.0074405670166016
1750712111942;-0.3852926790714264;9.594680786132812;2.0074405670166016
1750712111994;-0.3852926790714264;9.594680786132812;2.0074405670166016
1750712112037;-0.3852926790714264;9.594680786132812;2.0074405670166016
1750712112085;-0.3852926790714264;9.594680786132812;2.0074405670166016
1750712112141;-0.3852926790714264;9.594680786132812;2.0074405670166016
1750712112190;-0.3852926790714264;9.594680786132812;2.0074405670166016
1750712112241;-0.3852926790714264;9.594680786132812;2.0074405670166016
1750712112291;-0.3852926790714264;9.594680786132812;2.0074405670166016
1750712112343;-0.3852926790714264;9.594680786132812;2.0074405670166016
1750712112390;-0.3852926790714264;9.594680786132812;2.0074405670166016
1750712112439;-0.3852926790714264;9.594680786132812;2.0074405670166016
1750712112492;-0.3852926790714264;9.594680786132812;2.0074405670166016
1750712112539;-0.3852926790714264;9.594680786132812;2.0074405670166016
1750712112590;-0.3852926790714264;9.594680786132812;2.0074405670166016
1750712112643;-0.3852926790714264;9.594680786132812;2.0074405670166016
1750712112686;-0.3852926790714264;9.594680786132812;2.0074405670166016
1750712112741;-0.3852926790714264;9.594680786132812;2.0074405670166016
1750712112790;-0.3852926790714264;9.594680786132812;2.0074405670166016
1750712112841;-0.3852926790714264;9.594680786132812;2.0074405670166016
1750712112892;-0.3852926790714264;9.594680786132812;2.0074405670166016
1750712112941;-0.3852926790714264;9.594680786132812;2.0074405670166016
1750712112990;-0.3852926790714264;9.594680786132812;2.0074405670166016
1750712113039;-0.3852926790714264;9.594680786132812;2.0074405670166016
1750712113091;-0.3852926790714264;9.594680786132812;2.0074405670166016
1750712113143;-0.3852926790714264;9.594680786132812;2.0074405670166016
1750712113189;-0.3852926790714264;9.594680786132812;2.0074405670166016
1750712113243;-0.3852926790714264;9.594680786132812;2.0074405670166016
1750712113290;-0.3852926790714264;9.594680786132812;2.0074405670166016
1750712113342;-0.3852926790714264;9.594680786132812;2.0074405670166016
1750712113389;-0.3852926790714264;9.594680786132812;2.0074405670166016
1750712113454;-0.3852926790714264;9.594680786132812;2.0074405670166016
1750712113490;-0.3852926790714264;9.594680786132812;2.0074405670166016
1750712113542;-0.3852926790714264;9.594680786132812;2.0074405670166016
1750712113586;-0.3852926790714264;9.594680786132812;2.0074405670166016
1750712113641;-0.3852926790714264;9.594680786132812;2.0074405670166016
1750712113686;-0.3852926790714264;9.594680786132812;2.0074405670166016
1750712113742;-0.3852926790714264;9.594680786132812;2.0074405670166016
1750712113786;-0.3852926790714264;9.594680786132812;2.0074405670166016
1750712113841;-0.3852926790714264;9.594680786132812;2.0074405670166016
1750712113890;-0.3852926790714264;9.594680786132812;2.0074405670166016
1750712113943;-0.3852926790714264;9.594680786132812;2.0074405670166016
1750712113986;-0.3852926790714264;9.594680786132812;2.0074405670166016
1750712114044;-0.3852926790714264;9.594680786132812;2.0074405670166016
1750712114090;-0.3852926790714264;9.594680786132812;2.0074405670166016
1750712114142;-0.3852926790714264;9.594680786132812;2.0074405670166016
1750712114185;-0.3852926790714264;9.594680786132812;2.0074405670166016
1750712114245;-0.3852926790714264;9.594680786132812;2.0074405670166016
1750712114292;-0.3852926790714264;9.594680786132812;2.0074405670166016
1750712114342;-0.3852926790714264;9.594680786132812;2.0074405670166016
1750712114391;-0.3852926790714264;9.594680786132812;2.0074405670166016
1750712114442;-0.3852926790714264;9.594680786132812;2.0074405670166016
1750712114489;-0.3852926790714264;9.594680786132812;2.0074405670166016
1750712114542;-0.3852926790714264;9.594680786132812;2.0074405670166016
1750712114590;-0.3852926790714264;9.594680786132812;2.0074405670166016
1750712114638;-0.3852926790714264;9.594680786132812;2.0074405670166016
1750712114685;-0.3852926790714264;9.594680786132812;2.0074405670166016
1750712114738;-0.3852926790714264;9.594680786132812;2.0074405670166016
1750712114791;-0.3852926790714264;9.594680786132812;2.0074405670166016
1750712114843;-0.3852926790714264;9.594680786132812;2.0074405670166016
1750712114892;-0.3852926790714264;9.594680786132812;2.0074405670166016
1750712114945;-0.3852926790714264;9.594680786132812;2.0074405670166016
1750712114986;-0.3852926790714264;9.594680786132812;2.0074405670166016
1750712115043;-0.3852926790714264;9.594680786132812;2.0074405670166016
1750712115090;-1.6253721714019775;9.647725105285645;1.5168651342391968
1750712115140;-2.3175225257873535;9.678075790405273;1.240451455116272
1750712115194;1.8360306024551392;9.502140045166016;2.877852439880371
1750712115242;3.6358509063720703;9.424665451049805;3.59161114692688
1750712115292;-1.1418341398239136;9.625527381896973;1.7132627964019775
1750712115345;-4.256727695465088;9.757006645202637;0.486886203289032
1750712115390;-1.1574281454086304;9.626364707946777;1.706566333770752
1750712115445;4.138392925262451;9.403057098388672;3.7907679080963135
1750712115485;2.4144656658172607;9.47631549835205;3.1103672981262207
1750712115542;-4.694599628448486;9.776847839355469;0.3098648488521576
1750712115590;-5.295914173126221;9.802238464355469;0.0731026828289032
1750712115639;8.322203636169434;9.226903915405273;5.436446189880371
1750712115689;0.6099640727043152;9.552579879760742;2.3995537757873535
1750712115741;-5.201358318328857;9.798084259033203;0.1109251081943512
1750712115789;0.4807787835597992;9.55772590637207;2.3503224849700928
1750712115842;-0.3852926790714264;9.594680786132812;2.0074405670166016
1750712115885;-0.3852926790714264;9.594680786132812;2.0074405670166016
1750712115938;-0.3852926790714264;9.594680786132812;2.0074405670166016
1750712115985;-0.3852926790714264;9.594680786132812;2.0074405670166016
1750712116042;-0.3852926790714264;9.594680786132812;2.0074405670166016
1750712116089;-0.3852926790714264;9.594680786132812;2.0074405670166016
1750712116144;-0.3029513955116272;7.566747665405273;1.5809152126312256
1750712116190;-0.2999442219734192;7.480283260345459;1.5639262199401855
1750712116243;-0.3207465410232544;7.982949256896973;1.6707279682159424
1750712116290;-0.5042163133621216;12.538691520690918;2.625279188156128
1750712116347;-0.6522817611694336;16.224702835083008;3.396608591079712
1750712116387;-0.5888206958770752;14.654607772827148;3.0670573711395264
1750712116439;-0.2484809160232544;6.193359851837158;1.295293927192688
1750712116492;-0.02740575559437275;0.691778302192688;0.1437872052192688
1750712116534;-0.1623574048280716;4.04913854598999;0.8466022610664368
1750712116586;-0.8167473077774048;20.339008331298828;4.255456447601318
1750712116641;-0.8486173748970032;21.1311092376709;4.421379089355469
1750712116685;-0.4355778992176056;10.846292495727539;2.269407272338867
1750712116760;0.0201202891767025;-0.500186026096344;-0.1047247052192688
1750712116798;0.005673363339155912;-0.1406870186328888;-0.02951388992369175
1750712116834;-0.1975446492433548;4.919829368591309;1.029296875
1750712116890;-0.4880642592906952;12.154111862182617;2.542937994003296
1750712116939;-0.6844308376312256;17.043899536132812;3.566065549850464
1750712116992;-0.580109179019928;14.446212768554688;3.0225696563720703
1750712117041;-0.3559027910232544;8.862692832946777;1.8543528318405151
1750712117085;-0.2824590802192688;7.0340094566345215;1.4717262983322144
1750712117148;-0.3802393674850464;9.468099594116211;1.98105788230896
1750712117185;-0.3852926790714264;9.594680786132812;2.0074405670166016
1750712117241;-0.3852926790714264;9.594680786132812;2.0074405670166016
1750712117285;-0.3852926790714264;9.594680786132812;2.0074405670166016
1750712117342;-0.3852926790714264;9.594680786132812;2.0074405670166016
1750712117385;-0.3852926790714264;9.594680786132812;2.0074405670166016
1750712117443;-0.3852926790714264;9.594680786132812;2.0074405670166016
1750712117491;-0.3852926790714264;9.594680786132812;2.0074405670166016
1750712117542;-0.3852926790714264;9.594680786132812;2.0074405670166016
1750712117592;-0.3852926790714264;9.594680786132812;2.0074405670166016
1750712117643;-0.3852926790714264;9.594680786132812;2.0074405670166016
1750712117690;-0.3852926790714264;9.594680786132812;2.0074405670166016
1750712117743;-0.3852926790714264;9.594680786132812;2.0074405670166016
1750712117789;-0.3852926790714264;9.594680786132812;2.0074405670166016
1750712117842;-0.3852926790714264;9.594680786132812;2.0074405670166016
1750712117886;-0.3852926790714264;9.594680786132812;2.0074405670166016
1750712117945;-0.3852926790714264;9.594680786132812;2.0074405670166016
1750712117991;-0.3852926790714264;9.594680786132812;2.0074405670166016
1750712118043;0.3748140037059784;10.019904136657715;0.1231088861823082
1750712118091;0.5178881883621216;10.099702835083008;-0.2316468358039856
1750712118142;0.412481427192688;10.040489196777344;0.02957589365541935
1750712118190;0.1928943544626236;9.917566299438477;0.5739397406578064
1750712118241;-2.756138563156128;8.26906681060791;7.885324001312256
1750712118289;-4.054315567016602;7.5436201095581055;11.103888511657715
1750712118342;-2.1042287349700928;8.63389778137207;6.26915979385376
1750712118390;0.01767113246023655;9.820096015930176;1.0085256099700928
1750712118442;1.2218502759933472;10.493210792541504;-1.9769346714019775
1750712118492;1.3847967386245728;10.58420181274414;-2.380983591079712
1750712118542;0.7847222685813904;10.248698234558105;-0.8932912349700928
1750712118585;-0.0671813040971756;9.772415161132812;1.2187811136245728
1750712118642;-0.6809896230697632;9.429285049438477;2.740544557571411
1750712118686;-0.7516741752624512;9.389788627624512;2.91582989692688
1750712118744;-0.4519469439983368;9.557415962219238;2.172743082046509
1750712118786;-0.3852926790714264;9.594680786132812;2.0074405670166016
1750712118842;-0.3852926790714264;9.594680786132812;2.0074405670166016
1750712118886;-0.3852926790714264;9.594680786132812;2.0074405670166016
1750712118941;-0.3852926790714264;9.594680786132812;2.0074405670166016
1750712118990;-0.3852926790714264;9.594680786132812;2.0074405670166016
1750712119039;-0.3852926790714264;9.594680786132812;2.0074405670166016
1750712119091;-0.3852926790714264;9.594680786132812;2.0074405670166016
1750712119139;-0.3852926790714264;9.594680786132812;2.0074405670166016
1750712119191;-0.3852926790714264;9.594680786132812;2.0074405670166016
1750712119243;-0.3852926790714264;9.594680786132812;2.0074405670166016
1750712119292;-0.3852926790714264;9.594680786132812;2.0074405670166016
1750712119342;-0.3852926790714264;9.594680786132812;2.0074405670166016
1750712119385;-0.3852926790714264;9.594680786132812;2.0074405670166016
1750712119445;-0.3852926790714264;9.594680786132812;2.0074405670166016
1750712119491;-0.3852926790714264;9.594680786132812;2.0074405670166016
1750712119542;-0.3852926790714264;9.594680786132812;2.0074405670166016
1750712119585;-0.3852926790714264;9.594680786132812;2.0074405670166016
1750712119643;-0.3852926790714264;9.594680786132812;2.0074405670166016
1750712119691;-0.3852926790714264;9.594680786132812;2.0074405670166016
1750712119743;-0.3852926790714264;9.594680786132812;2.0074405670166016
1750712119787;-0.3852926790714264;9.594680786132812;2.0074405670166016
1750712119842;-0.3852926790714264;9.594680786132812;2.0074405670166016
1750712119893;-0.3852926790714264;9.594680786132812;2.0074405670166016
1750712119941;-0.3852926790714264;9.594680786132812;2.0074405670166016
1750712119991;-0.3852926790714264;9.594680786132812;2.0074405670166016
1750712120042;-0.3852926790714264;9.594680786132812;2.0074405670166016
1750712120091;-0.3852926790714264;9.594680786132812;2.0074405670166016
1750712120147;-0.3852926790714264;9.594680786132812;2.0074405670166016
1750712120185;-0.3852926790714264;9.594680786132812;2.0074405670166016
1750712120247;-0.3852926790714264;9.594680786132812;2.0074405670166016
1750712120285;-0.3852926790714264;9.594680786132812;2.0074405670166016
1750712120341;-0.3852926790714264;9.594680786132812;2.0074405670166016
1750712120391;-0.3852926790714264;9.594680786132812;2.0074405670166016
1750712120442;-0.3852926790714264;9.594680786132812;2.0074405670166016
1750712120491;-0.3852926790714264;9.594680786132812;2.0074405670166016
1750712120543;-0.3852926790714264;9.594680786132812;2.0074405670166016
1750712120593;-0.3852926790714264;9.594680786132812;2.0074405670166016
1750712120646;-0.3852926790714264;9.594680786132812;2.0074405670166016
1750712120691;-0.3852926790714264;9.594680786132812;2.0074405670166016
1750712120742;-0.3852926790714264;9.594680786132812;2.0074405670166016
1750712120790;-0.3852926790714264;9.594680786132812;2.0074405670166016
1750712120843;-0.3852926790714264;9.594680786132812;2.0074405670166016
1750712120893;-0.3852926790714264;9.594680786132812;2.0074405670166016
1750712120950;-0.3852926790714264;9.594680786132812;2.0074405670166016
1750712120991;-0.3852926790714264;9.594680786132812;2.0074405670166016
1750712121043;-0.3852926790714264;9.594680786132812;2.0074405670166016
1750712121092;-0.3852926790714264;9.594680786132812;2.0074405670166016
1750712121145;-0.3852926790714264;9.594680786132812;2.0074405670166016
1750712121190;-0.3852926790714264;9.594680786132812;2.0074405670166016
1750712121242;-0.3852926790714264;9.594680786132812;2.0074405670166016
1750712121291;-0.3852926790714264;9.594680786132812;2.0074405670166016
1750712121338;-0.3852926790714264;9.594680786132812;2.0074405670166016
