1750598028881;0.7965960502624512;9.776321411132812;-0.1591641902923584
1750598028904;0.7965960502624512;9.776321411132812;-0.1591641902923584
1750598028939;0.7965960502624512;9.776321411132812;-0.1591641902923584
1750598028972;0.7965960502624512;9.776321411132812;-0.1591641902923584
1750598028998;0.7965960502624512;9.776321411132812;-0.1591641902923584
1750598029036;0.7965960502624512;9.776321411132812;-0.1591641902923584
1750598029068;0.7965960502624512;9.776321411132812;-0.1591641902923584
1750598029103;0.7965960502624512;9.776321411132812;-0.1591641902923584
1750598029130;0.7965960502624512;9.776321411132812;-0.1591641902923584
1750598029174;0.7965960502624512;9.776321411132812;-0.1591641902923584
1750598029199;0.7965960502624512;9.776321411132812;-0.1591641902923584
1750598029232;0.7965960502624512;9.776321411132812;-0.1591641902923584
1750598029267;0.7965960502624512;9.776321411132812;-0.1591641902923584
1750598029297;0.7965960502624512;9.776321411132812;-0.1591641902923584
1750598029325;0.7965960502624512;9.776321411132812;-0.1591641902923584
1750598029346;0.7965960502624512;9.776321411132812;-0.1591641902923584
1750598029385;0.7965960502624512;9.776321411132812;-0.1591641902923584
1750598029417;0.7965960502624512;9.776321411132812;-0.1591641902923584
1750598029441;0.7965960502624512;9.776321411132812;-0.1591641902923584
1750598029467;0.7965960502624512;9.776321411132812;-0.1591641902923584
1750598029493;0.7965960502624512;9.776321411132812;-0.1591641902923584
1750598029526;0.7965960502624512;9.776321411132812;-0.1591641902923584
1750598029556;0.7965960502624512;9.776321411132812;-0.1591641902923584
1750598029581;0.7965960502624512;9.776321411132812;-0.1591641902923584
1750598029606;0.7965960502624512;9.776321411132812;-0.1591641902923584
1750598029647;0.7965960502624512;9.776321411132812;-0.1591641902923584
1750598029681;0.7965960502624512;9.776321411132812;-0.1591641902923584
1750598029706;0.7965960502624512;9.776321411132812;-0.1591641902923584
1750598029726;0.7965960502624512;9.776321411132812;-0.1591641902923584
1750598029746;0.7965960502624512;9.776321411132812;-0.1591641902923584
1750598029772;0.7965960502624512;9.776321411132812;-0.1591641902923584
1750598029794;0.7965960502624512;9.776321411132812;-0.1591641902923584
1750598029826;0.7965960502624512;9.776321411132812;-0.1591641902923584
1750598029850;0.7965960502624512;9.776321411132812;-0.1591641902923584
1750598029874;0.7965960502624512;9.776321411132812;-0.1591641902923584
1750598029905;0.7965960502624512;9.776321411132812;-0.1591641902923584
1750598029930;0.7965960502624512;9.776321411132812;-0.1591641902923584
1750598029974;0.7965960502624512;9.776321411132812;-0.1591641902923584
1750598030007;0.7965960502624512;9.776321411132812;-0.1591641902923584
1750598030046;0.7965960502624512;9.776321411132812;-0.1591641902923584
1750598030069;0.7965960502624512;9.776321411132812;-0.1591641902923584
1750598030093;0.7965960502624512;9.776321411132812;-0.1591641902923584
1750598030126;0.7965960502624512;9.776321411132812;-0.1591641902923584
1750598030147;0.7965960502624512;9.776321411132812;-0.1591641902923584
1750598030170;0.7965960502624512;9.776321411132812;-0.1591641902923584
1750598030193;0.7965960502624512;9.776321411132812;-0.1591641902923584
1750598030226;0.7965960502624512;9.776321411132812;-0.1591641902923584
1750598030248;0.7965960502624512;9.776321411132812;-0.1591641902923584
1750598030272;0.7965960502624512;9.776321411132812;-0.1591641902923584
1750598030292;0.7965960502624512;9.776321411132812;-0.1591641902923584
1750598030325;0.5822482705116272;8.070188522338867;-0.1678137481212616
1750598030347;0.5451388955116272;7.567398548126221;-0.1577381044626236
1750598030371;0.5444258451461792;7.352244853973389;-0.1461123526096344
1750598030414;0.593936026096344;7.4440107345581055;-0.1272941529750824
1750598030435;0.6341146230697632;7.694724082946777;-0.1218378022313118
1750598030472;0.7293527126312256;8.482670783996582;-0.1196676641702652
1750598030495;0.788008451461792;9.084263801574707;-0.1248139962553978
1750598030526;1.124690055847168;13.09740924835205;-0.1854848861694336
1750598030546;1.2568825483322144;14.771299362182617;-0.2147507518529892
1750598030573;1.3342944383621216;15.82198715209961;-0.2358321100473404
1750598030608;1.3605531454086304;16.266990661621094;-0.2478918731212616
1750598030648;0.8930122256278992;10.93440055847168;-0.1770213395357132
1750598030675;0.5817832946777344;7.2275238037109375;-0.1211247593164444
1750598030707;0.2406374216079712;3.1673178672790527;-0.0599888414144516
1750598030729;0.2282366156578064;3.0329864025115967;-0.0585007481276989
1750598030773;0.7781188488006592;9.776971817016602;-0.168154776096344
1750598030793;1.0527033805847168;13.113994598388672;-0.2211681604385376
1750598030826;1.2588976621627808;15.562500953674316;-0.2578125
1750598030846;1.2417535781860352;15.311199188232422;-0.2521081566810608
1750598030871;1.2417535781860352;15.311199188232422;-0.2521081566810608
1750598030909;0.4744853973388672;5.765625476837158;-0.0916108712553978
1750598030947;0.25356525182724;3.0449531078338623;-0.0469370074570179
1750598030973;0.25356525182724;3.0449531078338623;-0.0469370074570179
1750598031006;0.394004225730896;4.7954182624816895;-0.0765129029750824
1750598031026;1.0086185932159424;12.348493576049805;-0.1998697966337204
1750598031046;1.6114832162857056;19.757905960083008;-0.3209325671195984
1750598031071;1.7838232517242432;21.884798049926758;-0.3560267984867096
1750598031095;1.7203001976013184;21.116010665893555;-0.343936026096344
1750598031126;0.8998636603355408;11.07239055633545;-0.1813926249742508
1750598031147;0.2588355839252472;3.21661114692688;-0.0539434552192688
1750598031169;-0.0889756977558136;-1.0511842966079712;0.0155009925365448
1750598031207;-0.2003038376569748;-2.4225261211395264;0.0380394384264946
1750598031232;-0.0027591767720878124;-0.0154389888048172;-0.00046502979239448905
1750598031272;0.4033978283405304;4.952815055847168;-0.0807291716337204
1750598031293;0.60869300365448;7.465557098388672;-0.1213727742433548
1750598031326;0.978205680847168;11.991009712219238;-0.1946924775838852
1750598031346;1.101934552192688;13.507193565368652;-0.2192770391702652
1750598031370;1.1849888563156128;14.52601146697998;-0.2358321100473404
1750598031392;1.2245163917541504;15.012215614318848;-0.2437996119260788
1750598031426;1.1941344738006592;14.643694877624512;-0.2379712462425232
1750598031446;1.136253833770752;13.936695098876953;-0.2265935093164444
1750598031470;1.0545015335083008;12.937191009521484;-0.2104724794626236
1750598031506;0.8891679644584656;10.91418743133545;-0.1777963936328888
1750598031526;0.8183284401893616;10.047185897827148;-0.1637524962425232
1750598031546;0.7603856921195984;9.337518692016602;-0.1522507518529892
1750598031570;0.7235243320465088;8.885634422302246;-0.14493428170681
1750598031591;0.7084263563156128;8.699901580810547;-0.1418960839509964
1750598031625;0.7411954998970032;9.09914493560791;-0.1482824981212616
1750598031646;0.7411954998970032;9.09914493560791;-0.1482824981212616
1750598031676;0.7936508655548096;9.739925384521484;-0.15860615670681
1750598031706;0.7965960502624512;9.776321411132812;-0.1591641902923584
1750598031727;0.7965960502624512;9.776321411132812;-0.1591641902923584
1750598031774;0.7965960502624512;9.776321411132812;-0.1591641902923584
1750598031806;0.7965960502624512;9.776321411132812;-0.1591641902923584
1750598031826;0.7965960502624512;9.776321411132812;-0.1591641902923584
1750598031846;0.7965960502624512;9.776321411132812;-0.1591641902923584
1750598031871;0.7965960502624512;9.776321411132812;-0.1591641902923584
1750598031907;0.7965960502624512;9.776321411132812;-0.1591641902923584
1750598031927;0.7965960502624512;9.776321411132812;-0.1591641902923584
1750598031970;0.7965960502624512;9.776321411132812;-0.1591641902923584
1750598032005;0.7965960502624512;9.776321411132812;-0.1591641902923584
1750598032027;0.7965960502624512;9.776321411132812;-0.1591641902923584
1750598032047;0.7965960502624512;9.776321411132812;-0.1591641902923584
1750598032071;0.7965960502624512;9.776321411132812;-0.1591641902923584
1750598032106;0.7965960502624512;9.776321411132812;-0.1591641902923584
1750598032126;0.7965960502624512;9.776321411132812;-0.1591641902923584
1750598032146;0.7965960502624512;9.776321411132812;-0.1591641902923584
1750598032171;0.7965960502624512;9.776321411132812;-0.1591641902923584
1750598032206;0.7965960502624512;9.776321411132812;-0.1591641902923584
1750598032226;0.7965960502624512;9.776321411132812;-0.1591641902923584
1750598032271;0.7965960502624512;9.776321411132812;-0.1591641902923584
1750598032291;0.7965960502624512;9.776321411132812;-0.1591641902923584
1750598032326;0.7965960502624512;9.776321411132812;-0.1591641902923584
1750598032346;0.7965960502624512;9.776321411132812;-0.1591641902923584
1750598032371;0.7965960502624512;9.776321411132812;-0.1591641902923584
1750598032394;0.7965960502624512;9.776321411132812;-0.1591641902923584
1750598032426;0.7965960502624512;9.776321411132812;-0.1591641902923584
1750598032447;0.7965960502624512;9.776321411132812;-0.1591641902923584
1750598032470;0.7965960502624512;9.776321411132812;-0.1591641902923584
1750598032490;0.7965960502624512;9.776321411132812;-0.1591641902923584
1750598032526;0.7965960502624512;9.776321411132812;-0.1591641902923584
1750598032546;0.7965960502624512;9.776321411132812;-0.1591641902923584
1750598032569;0.7965960502624512;9.776321411132812;-0.1591641902923584
1750598032590;0.7965960502624512;9.776321411132812;-0.1591641902923584
1750598032626;0.7965960502624512;9.776321411132812;-0.1591641902923584
1750598032647;0.7965960502624512;9.776321411132812;-0.1591641902923584
1750598032676;0.7965960502624512;9.776321411132812;-0.1591641902923584
1750598032706;0.7965960502624512;9.776321411132812;-0.1591641902923584
1750598032726;0.7965960502624512;9.776321411132812;-0.1591641902923584
1750598032746;0.7965960502624512;9.776321411132812;-0.1591641902923584
1750598032770;0.7965960502624512;9.776321411132812;-0.1591641902923584
1750598032790;0.7965960502624512;9.776321411132812;-0.1591641902923584
1750598032810;0.7965960502624512;9.776321411132812;-0.1591641902923584
1750598032846;0.7965960502624512;9.776321411132812;-0.1591641902923584
1750598032869;0.7965960502624512;9.776321411132812;-0.1591641902923584
1750598032890;0.7965960502624512;9.776321411132812;-0.1591641902923584
1750598032926;0.7965960502624512;9.776321411132812;-0.1591641902923584
1750598032946;0.7965960502624512;9.776321411132812;-0.1591641902923584
1750598032970;0.7965960502624512;9.776321411132812;-0.1591641902923584
1750598032990;0.7965960502624512;9.776321411132812;-0.1591641902923584
1750598033026;0.7965960502624512;9.776321411132812;-0.1591641902923584
1750598033046;0.7965960502624512;9.776321411132812;-0.1591641902923584
1750598033071;0.7965960502624512;9.776321411132812;-0.1591641902923584
1750598033094;0.7965960502624512;9.776321411132812;-0.1591641902923584
1750598033126;0.7965960502624512;9.776321411132812;-0.1591641902923584
1750598033170;0.7965960502624512;9.776321411132812;-0.1591641902923584
1750598033195;0.7965960502624512;9.776321411132812;-0.1591641902923584
1750598033226;0.7965960502624512;9.776321411132812;-0.1591641902923584
1750598033272;0.7965960502624512;9.776321411132812;-0.1591641902923584
1750598033306;0.7965960502624512;9.776321411132812;-0.1591641902923584
1750598033346;0.7965960502624512;9.776321411132812;-0.1591641902923584
1750598033370;0.7965960502624512;9.776321411132812;-0.1591641902923584
1750598033391;0.7965960502624512;9.776321411132812;-0.1591641902923584
1750598033427;0.7965960502624512;9.776321411132812;-0.1591641902923584
1750598033470;0.7965960502624512;9.776321411132812;-0.1591641902923584
1750598033493;0.7965960502624512;9.776321411132812;-0.1591641902923584
1750598033526;0.7965960502624512;9.776321411132812;-0.1591641902923584
1750598033546;0.7965960502624512;9.776321411132812;-0.1591641902923584
1750598033571;0.7965960502624512;9.776321411132812;-0.1591641902923584
1750598033592;0.7965960502624512;9.776321411132812;-0.1591641902923584
1750598033626;0.7965960502624512;9.776321411132812;-0.1591641902923584
1750598033646;0.7965960502624512;9.776321411132812;-0.1591641902923584
1750598033676;0.7965960502624512;9.776321411132812;-0.1591641902923584
1750598033706;0.7965960502624512;9.776321411132812;-0.1591641902923584
1750598033728;0.7965960502624512;9.776321411132812;-0.1591641902923584
1750598033772;0.7965960502624512;9.776321411132812;-0.1591641902923584
1750598033792;0.7965960502624512;9.776321411132812;-0.1591641902923584
1750598033826;0.7965960502624512;9.776321411132812;-0.1591641902923584
1750598033846;0.7965960502624512;9.776321411132812;-0.1591641902923584
1750598033869;0.7965960502624512;9.776321411132812;-0.1591641902923584
1750598033892;0.7965960502624512;9.776321411132812;-0.1591641902923584
1750598033926;0.7965960502624512;9.776321411132812;-0.1591641902923584
1750598033946;0.7965960502624512;9.776321411132812;-0.1591641902923584
1750598033974;0.7965960502624512;9.776321411132812;-0.1591641902923584
1750598034005;0.7965960502624512;9.776321411132812;-0.1591641902923584
1750598034026;0.7965960502624512;9.776321411132812;-0.1591641902923584
1750598034046;0.7965960502624512;9.776321411132812;-0.1591641902923584
1750598034072;0.7965960502624512;9.776321411132812;-0.1591641902923584
1750598034092;0.7965960502624512;9.776321411132812;-0.1591641902923584
1750598034126;0.7965960502624512;9.776321411132812;-0.1591641902923584
1750598034171;0.7965960502624512;9.776321411132812;-0.1591641902923584
1750598034192;0.8676525950431824;9.775391578674316;0.197048619389534
1750598034226;1.131603479385376;9.772383689880371;1.520275354385376
1750598034247;1.2089223861694336;9.771763801574707;1.9076762199401855
1750598034269;1.2465898990631104;9.77160930633545;2.0963542461395264
1750598034291;1.243086576461792;9.771949768066406;2.0786211490631104
1750598034326;-0.9885293245315552;9.717975616455078;-9.04923152923584
1750598034350;-2.4339349269866943;9.69416618347168;-16.265098571777344
1750598034372;-2.820777654647827;9.695995330810547;-18.20241355895996
1750598034408;-1.8519656658172607;9.74035930633545;-13.387308120727539
1750598034448;0.1124752014875412;9.798053741455078;-3.5993306636810303
1750598034470;1.5416357517242432;9.829334259033203;3.529576063156128
1750598034492;2.931020736694336;9.853795051574707;10.46459674835205
1750598034526;4.185764312744141;9.861701011657715;16.738189697265625
1750598034546;4.271949768066406;9.853547096252441;17.175596237182617
1750598034575;4.112785339355469;9.840712547302246;16.388704299926758
1750598034610;3.225074529647827;9.809524536132812;11.969401359558105
1750598034646;1.811353087425232;9.782118797302246;4.9148688316345215
1750598034672;-0.4505518674850464;9.775484085083008;-6.400081157684326
1750598034697;-3.18145489692688;9.770771980285645;-20.063711166381836
1750598034726;-0.4127604365348816;9.768322944641113;-6.205605506896973
1750598034746;1.9868552684783936;9.76038646697998;5.809617042541504
1750598034769;3.108290195465088;9.753534317016602;11.427115440368652
1750598034792;3.4522571563720703;9.749008178710938;13.151910781860352
1750598034826;2.7863035202026367;9.746745109558105;9.82071590423584
1750598034846;2.1212799549102783;9.748047828674316;6.491536617279053
1750598034869;2.1212799549102783;9.748047828674316;6.491536617279053
1750598034907;0.0523003488779068;9.757286071777344;-3.8697609901428223
1750598034927;0.0523003488779068;9.757286071777344;-3.8697609901428223
1750598034969;-1.9627667665481567;9.762215614318848;-13.958209991455078
1750598035006;-1.8209636211395264;9.774212837219238;-13.257410049438477
1750598035026;-1.8209636211395264;9.774212837219238;-13.257410049438477
1750598035047;-1.3145462274551392;9.777716636657715;-10.72569465637207
1750598035071;-0.704210102558136;9.780661582946777;-7.67336368560791
1750598035092;0.1345176100730896;9.783482551574707;-3.478050708770752
1750598035126;3.731492042541504;9.791171073913574;14.517609596252441
1750598035146;3.823133945465088;9.789961814880371;14.977090835571289
1750598035169;3.250000238418579;9.787140846252441;12.111111640930176
1750598035190;2.439143180847168;9.783854484558105;8.055400848388672
1750598035226;0.7359251379966736;9.77756118774414;-0.4636967182159424
1750598035246;0.0844804123044014;9.775236129760742;-3.722191333770752
1750598035270;-0.3394717574119568;9.773686408996582;-5.842820167541504
1750598035306;-0.510478675365448;9.772849082946777;-6.698009967803955
1750598035326;-0.2888455092906952;9.773406982421875;-5.5891618728637695
1750598035346;0.0221974216401577;9.774274826049805;-4.033296585083008
1750598035370;0.3896949589252472;9.775360107421875;-2.194878578186035
1750598035392;0.7636409401893616;9.776413917541504;-0.3241567611694336
1750598035426;1.1808966398239136;9.777592658996582;1.7632379531860352
1750598035470;1.0786521434783936;9.777189254760742;1.2519532442092896
1750598035491;0.9112103581428528;9.776631355285645;0.4143105447292328
1750598035526;0.7965960502624512;9.776321411132812;-0.1591641902923584
1750598035546;0.7965960502624512;9.776321411132812;-0.1591641902923584
1750598035569;0.7965960502624512;9.776321411132812;-0.1591641902923584
1750598035591;0.7965960502624512;9.776321411132812;-0.1591641902923584
1750598035626;0.7965960502624512;9.776321411132812;-0.1591641902923584
1750598035647;0.7965960502624512;9.776321411132812;-0.1591641902923584
1750598035673;0.7965960502624512;9.776321411132812;-0.1591641902923584
1750598035706;0.7965960502624512;9.776321411132812;-0.1591641902923584
1750598035726;0.7965960502624512;9.776321411132812;-0.1591641902923584
1750598035746;0.7965960502624512;9.776321411132812;-0.1591641902923584
1750598035773;0.7965960502624512;9.776321411132812;-0.1591641902923584
1750598035808;0.7965960502624512;9.776321411132812;-0.1591641902923584
1750598035847;0.7965960502624512;9.776321411132812;-0.1591641902923584
1750598035871;0.7965960502624512;9.776321411132812;-0.1591641902923584
1750598035900;0.7965960502624512;9.776321411132812;-0.1591641902923584
1750598035926;0.7965960502624512;9.776321411132812;-0.1591641902923584
1750598035946;0.7965960502624512;9.776321411132812;-0.1591641902923584
1750598035971;0.7965960502624512;9.776321411132812;-0.1591641902923584
1750598035995;0.7965960502624512;9.776321411132812;-0.1591641902923584
1750598036027;0.7965960502624512;9.776321411132812;-0.1591641902923584
1750598036047;0.7965960502624512;9.776321411132812;-0.1591641902923584
1750598036073;0.7965960502624512;9.776321411132812;-0.1591641902923584
1750598036106;0.7965960502624512;9.776321411132812;-0.1591641902923584
1750598036126;0.7965960502624512;9.776321411132812;-0.1591641902923584
1750598036147;0.7965960502624512;9.776321411132812;-0.1591641902923584
1750598036170;0.7965960502624512;9.776321411132812;-0.1591641902923584
1750598036191;0.7965960502624512;9.776321411132812;-0.1591641902923584
1750598036226;0.7965960502624512;9.776321411132812;-0.1591641902923584
1750598036274;0.7965960502624512;9.776321411132812;-0.1591641902923584
1750598036308;0.7965960502624512;9.776321411132812;-0.1591641902923584
1750598036328;0.7965960502624512;9.776321411132812;-0.1591641902923584
1750598036348;0.7965960502624512;9.776321411132812;-0.1591641902923584
1750598036379;0.7965960502624512;9.776321411132812;-0.1591641902923584
1750598036406;0.7965960502624512;9.776321411132812;-0.1591641902923584
1750598036427;0.7965960502624512;9.776321411132812;-0.1591641902923584
1750598036470;0.7965960502624512;9.776321411132812;-0.1591641902923584
1750598036492;0.7965960502624512;9.776321411132812;-0.1591641902923584
1750598036526;0.7965960502624512;9.776321411132812;-0.1591641902923584
1750598036546;0.7965960502624512;9.776321411132812;-0.1591641902923584
1750598036570;0.7965960502624512;9.776321411132812;-0.1591641902923584
1750598036594;0.7965960502624512;9.776321411132812;-0.1591641902923584
1750598036627;0.7965960502624512;9.776321411132812;-0.1591641902923584
1750598036677;0.7965960502624512;9.776321411132812;-0.1591641902923584
1750598036706;0.7965960502624512;9.776321411132812;-0.1591641902923584
1750598036726;0.7965960502624512;9.776321411132812;-0.1591641902923584
1750598036746;0.7965960502624512;9.776321411132812;-0.1591641902923584
1750598036772;0.7965960502624512;9.776321411132812;-0.1591641902923584
1750598036806;0.7965960502624512;9.776321411132812;-0.1591641902923584
1750598036827;0.7965960502624512;9.776321411132812;-0.1591641902923584
1750598036871;0.7965960502624512;9.776321411132812;-0.1591641902923584
1750598036891;0.7965960502624512;9.776321411132812;-0.1591641902923584
1750598036926;0.7965960502624512;9.776321411132812;-0.1591641902923584
1750598036946;0.7965960502624512;9.776321411132812;-0.1591641902923584
1750598036969;0.7965960502624512;9.776321411132812;-0.1591641902923584
1750598036992;0.7965960502624512;9.776321411132812;-0.1591641902923584
1750598037026;0.7965960502624512;9.776321411132812;-0.1591641902923584
1750598037046;0.7965960502624512;9.776321411132812;-0.1591641902923584
1750598037069;0.7965960502624512;9.776321411132812;-0.1591641902923584
1750598037091;0.7965960502624512;9.776321411132812;-0.1591641902923584
1750598037126;0.7965960502624512;9.776321411132812;-0.1591641902923584
1750598037148;0.7965960502624512;9.776321411132812;-0.1591641902923584
1750598037170;0.7965960502624512;9.776321411132812;-0.1591641902923584
1750598037190;0.7965960502624512;9.776321411132812;-0.1591641902923584
1750598037226;0.7965960502624512;9.776321411132812;-0.1591641902923584
1750598037269;0.7965960502624512;9.776321411132812;-0.1591641902923584
1750598037292;0.7965960502624512;9.776321411132812;-0.1591641902923584
1750598037326;0.7965960502624512;9.776321411132812;-0.1591641902923584
1750598037347;0.7965960502624512;9.776321411132812;-0.1591641902923584
1750598037370;0.7965960502624512;9.776321411132812;-0.1591641902923584
1750598037391;0.7965960502624512;9.776321411132812;-0.1591641902923584
1750598037426;0.7965960502624512;9.776321411132812;-0.1591641902923584
1750598037446;0.7965960502624512;9.776321411132812;-0.1591641902923584
1750598037471;0.7965960502624512;9.776321411132812;-0.1591641902923584
1750598037493;0.7965960502624512;9.776321411132812;-0.1591641902923584
1750598037526;0.7965960502624512;9.776321411132812;-0.1591641902923584
1750598037547;0.7965960502624512;9.776321411132812;-0.1591641902923584
1750598037571;0.7965960502624512;9.776321411132812;-0.1591641902923584
1750598037591;0.7965960502624512;9.776321411132812;-0.1591641902923584
1750598037631;0.7965960502624512;9.776321411132812;-0.1591641902923584
1750598037674;0.7965960502624512;9.776321411132812;-0.1591641902923584
1750598037703;0.7965960502624512;9.776321411132812;-0.1591641902923584
1750598037726;0.7965960502624512;9.776321411132812;-0.1591641902923584
1750598037747;0.7965960502624512;9.776321411132812;-0.1591641902923584
1750598037771;0.7965960502624512;9.776321411132812;-0.1591641902923584
1750598037795;0.7965960502624512;9.776321411132812;-0.1591641902923584
1750598037827;0.7965960502624512;9.776321411132812;-0.1591641902923584
1750598037848;0.7965960502624512;9.776321411132812;-0.1591641902923584
1750598037877;0.7965960502624512;9.776321411132812;-0.1591641902923584
1750598037906;0.7965960502624512;9.776321411132812;-0.1591641902923584
1750598037926;0.7965960502624512;9.776321411132812;-0.1591641902923584
1750598037946;0.7965960502624512;9.776321411132812;-0.1591641902923584
1750598037971;0.7965960502624512;9.776321411132812;-0.1591641902923584
1750598037993;0.7965960502624512;9.776321411132812;-0.1591641902923584
1750598038026;0.7965960502624512;9.776321411132812;-0.1591641902923584
1750598038046;0.7965960502624512;9.776321411132812;-0.1591641902923584
1750598038072;0.7965960502624512;9.776321411132812;-0.1591641902923584
1750598038092;0.7965960502624512;9.776321411132812;-0.1591641902923584
1750598038126;0.7965960502624512;9.776321411132812;-0.1591641902923584
1750598038170;0.7965960502624512;9.776321411132812;-0.1591641902923584
1750598038206;0.7965960502624512;9.776321411132812;-0.1591641902923584
1750598038227;0.7965960502624512;9.776321411132812;-0.1591641902923584
1750598038271;0.7965960502624512;9.776321411132812;-0.1591641902923584
1750598038295;0.7965960502624512;9.776321411132812;-0.1591641902923584
1750598038330;0.7965960502624512;9.776321411132812;-0.1591641902923584
1750598038353;0.7965960502624512;9.776321411132812;-0.1591641902923584
1750598038400;0.7965960502624512;9.776321411132812;-0.1591641902923584
1750598038434;0.7965960502624512;9.776321411132812;-0.1591641902923584
1750598038469;0.7965960502624512;9.776321411132812;-0.1591641902923584
1750598038499;0.7965960502624512;9.776321411132812;-0.1591641902923584
1750598038528;0.7965960502624512;9.776321411132812;-0.1591641902923584
1750598038573;0.7965960502624512;9.776321411132812;-0.1591641902923584
1750598038595;0.7965960502624512;9.776321411132812;-0.1591641902923584
1750598038626;0.7965960502624512;9.776321411132812;-0.1591641902923584
1750598038647;0.7965960502624512;9.776321411132812;-0.1591641902923584
1750598038677;0.7965960502624512;9.776321411132812;-0.1591641902923584
1750598038707;0.7965960502624512;9.776321411132812;-0.1591641902923584
1750598038746;0.7965960502624512;9.776321411132812;-0.1591641902923584
1750598038769;0.7965960502624512;9.776321411132812;-0.1591641902923584
1750598038792;0.7965960502624512;9.776321411132812;-0.1591641902923584
1750598038826;0.7965960502624512;9.776321411132812;-0.1591641902923584
1750598038847;0.7965960502624512;9.776321411132812;-0.1591641902923584
1750598038871;0.7965960502624512;9.776321411132812;-0.1591641902923584
1750598038892;0.7965960502624512;9.776321411132812;-0.1591641902923584
1750598038926;0.7965960502624512;9.776321411132812;-0.1591641902923584
1750598038946;0.7965960502624512;9.776321411132812;-0.1591641902923584
1750598038971;0.7965960502624512;9.776321411132812;-0.1591641902923584
1750598038993;0.7965960502624512;9.776321411132812;-0.1591641902923584
1750598039026;0.7965960502624512;9.776321411132812;-0.1591641902923584
1750598039046;0.7965960502624512;9.776321411132812;-0.1591641902923584
1750598039069;0.7965960502624512;9.776321411132812;-0.1591641902923584
1750598039094;0.7965960502624512;9.776321411132812;-0.1591641902923584
1750598039114;0.7965960502624512;9.776321411132812;-0.1591641902923584
1750598039138;0.7965960502624512;9.776321411132812;-0.1591641902923584
1750598039170;0.7965960502624512;9.776321411132812;-0.1591641902923584
1750598039193;0.7965960502624512;9.776321411132812;-0.1591641902923584
1750598039226;0.7965960502624512;9.776321411132812;-0.1591641902923584
1750598039246;0.7965960502624512;9.776321411132812;-0.1591641902923584
1750598039271;0.7965960502624512;9.776321411132812;-0.1591641902923584
1750598039291;0.7965960502624512;9.776321411132812;-0.1591641902923584
1750598039326;0.7965960502624512;9.776321411132812;-0.1591641902923584
1750598039347;0.7965960502624512;9.776321411132812;-0.1591641902923584
1750598039371;0.7965960502624512;9.776321411132812;-0.1591641902923584
1750598039391;0.7965960502624512;9.776321411132812;-0.1591641902923584
1750598039426;0.7965960502624512;9.776321411132812;-0.1591641902923584
1750598039447;0.7965960502624512;9.776321411132812;-0.1591641902923584
1750598039470;0.7965960502624512;9.776321411132812;-0.1591641902923584
1750598039491;0.7965960502624512;9.776321411132812;-0.1591641902923584
1750598039526;0.7965960502624512;9.776321411132812;-0.1591641902923584
1750598039547;0.7965960502624512;9.776321411132812;-0.1591641902923584
1750598039572;0.7965960502624512;9.776321411132812;-0.1591641902923584
1750598039611;0.7965960502624512;9.776321411132812;-0.1591641902923584
1750598039647;0.7965960502624512;9.776321411132812;-0.1591641902923584
1750598039679;0.7965960502624512;9.776321411132812;-0.1591641902923584
1750598039707;0.7965960502624512;9.776321411132812;-0.1591641902923584
1750598039728;0.7965960502624512;9.776321411132812;-0.1591641902923584
1750598039771;0.7965960502624512;9.776321411132812;-0.1591641902923584
1750598039792;0.7965960502624512;9.776321411132812;-0.1591641902923584
1750598039826;0.7965960502624512;9.776321411132812;-0.1591641902923584
1750598039847;0.7965960502624512;9.776321411132812;-0.1591641902923584
1750598039869;0.7965960502624512;9.776321411132812;-0.1591641902923584
1750598039890;0.7965960502624512;9.776321411132812;-0.1591641902923584
1750598039927;0.7965960502624512;9.776321411132812;-0.1591641902923584
1750598039947;0.7965960502624512;9.776321411132812;-0.1591641902923584
1750598039971;0.7965960502624512;9.776321411132812;-0.1591641902923584
1750598039995;0.7965960502624512;9.776321411132812;-0.1591641902923584
1750598040028;0.7965960502624512;9.776321411132812;-0.1591641902923584
1750598040072;0.7965960502624512;9.776321411132812;-0.1591641902923584
1750598040106;0.7965960502624512;9.776321411132812;-0.1591641902923584
1750598040126;0.7965960502624512;9.776321411132812;-0.1591641902923584
1750598040146;0.7965960502624512;9.776321411132812;-0.1591641902923584
1750598040171;0.7965960502624512;9.776321411132812;-0.1591641902923584
1750598040191;0.7965960502624512;9.776321411132812;-0.1591641902923584
1750598040226;0.7965960502624512;9.776321411132812;-0.1591641902923584
1750598040246;0.7965960502624512;9.776321411132812;-0.1591641902923584
1750598040271;0.7965960502624512;9.776321411132812;-0.1591641902923584
1750598040294;0.7965960502624512;9.776321411132812;-0.1591641902923584
1750598040330;0.7965960502624512;9.776321411132812;-0.1591641902923584
1750598040376;0.7965960502624512;9.776321411132812;-0.1591641902923584
1750598040406;0.867404580116272;9.776413917541504;0.1944444626569748
1750598040426;1.0177332162857056;9.77666187286377;0.9453745484352112
1750598040446;1.1685888767242432;9.776909828186035;1.6990327835083008
1750598040472;1.2643539905548096;9.77706527709961;2.177300453186035
1750598040493;1.2508060932159424;9.77709674835205;2.1094062328338623
1750598040526;0.4421503245830536;9.776971817016602;-1.9367560148239136
1750598040546;0.0719246044754982;9.776755332946777;-3.7885665893554688
1750598040571;-0.2054191529750824;9.776537895202637;-5.175285339355469
1750598040594;-0.3737909495830536;9.776321411132812;-6.016679286956787
1750598040626;-0.4252852499485016;9.775949478149414;-6.272104740142822
1750598040646;-0.3057415783405304;9.775825500488281;-5.673084259033203
1750598040678;-0.1144903376698494;9.775732040405273;-4.715464115142822
1750598040707;0.401382714509964;9.775670051574707;-2.13340163230896
1750598040727;0.665519654750824;9.775701522827148;-0.8117560148239136
1750598040770;1.1387029886245728;9.775825500488281;1.5557106733322144
1750598040790;1.1387029886245728;9.775825500488281;1.5557106733322144
1750598040826;1.5201513767242432;9.776073455810547;3.463355779647827
1750598040846;1.557384729385376;9.776135444641113;3.6492438316345215
1750598040871;1.5537265539169312;9.776227951049805;3.630394458770752
1750598040895;1.5155631303787231;9.776289939880371;3.4390501976013184
1750598040926;1.365668535232544;9.776413917541504;2.6882131099700928
1750598040971;1.2642920017242432;9.776445388793945;2.180617570877075
1750598040995;1.0612599849700928;9.77647590637207;1.1644035577774048
1750598041026;0.9748574495315552;9.77647590637207;0.73208087682724
1750598041047;0.9019407629966736;9.776445388793945;0.3672495186328888
1750598041069;0.8486793637275696;9.776413917541504;0.1008494570851326
1750598041091;0.8150731921195984;9.776383399963379;-0.067119300365448
1750598041126;0.7960379719734192;9.776351928710938;-0.1621403843164444
1750598041171;0.7965960502624512;9.776321411132812;-0.1591641902923584
1750598041195;0.7965960502624512;9.776321411132812;-0.1591641902923584
1750598041226;0.7965960502624512;9.776321411132812;-0.1591641902923584
1750598041246;0.7965960502624512;9.776321411132812;-0.1591641902923584
1750598041270;0.7965960502624512;9.776321411132812;-0.1591641902923584
1750598041290;0.7965960502624512;9.776321411132812;-0.1591641902923584
1750598041326;0.9354539513587952;9.776227951049805;0.5359313488006592
1750598041346;1.1340216398239136;9.776165962219238;1.5298240184783936
1750598041370;1.2462178468704224;9.776165962219238;2.0913009643554688
1750598041408;1.3057416677474976;9.776227951049805;2.3890750408172607
1750598041428;1.2993242740631104;9.776259422302246;2.356801986694336
1750598041471;1.2543402910232544;9.776351928710938;2.131634473800659
1750598041492;1.2109376192092896;9.776351928710938;1.9143415689468384
1750598041526;1.073753833770752;9.776383399963379;1.2277406454086304
1750598041572;0.6586371660232544;9.776413917541504;-0.849826455116272
1750598041596;-0.0563926137983799;9.776413917541504;-4.4283857345581055
1750598041626;-0.8755890727043152;9.776413917541504;-8.528119087219238
1750598041647;-0.9603174924850464;9.776383399963379;-8.952071189880371
1750598041674;-0.897228479385376;9.776351928710938;-8.636222839355469
1750598041705;-0.4855841100215912;9.776321411132812;-6.576017379760742
1750598041728;-0.1479414701461792;9.776289939880371;-4.886160850524902
1750598041770;1.4606895446777344;9.776227951049805;3.1645586490631104
1750598041792;2.1874070167541504;9.776227951049805;6.801494598388672
1750598041826;2.7853734493255615;9.776227951049805;9.793961524963379
1750598041846;2.7850635051727295;9.776259422302246;9.792472839355469
1750598041869;2.633432626724243;9.776259422302246;9.033482551574707
1750598041891;2.377976417541504;9.776289939880371;7.755084991455078
1750598041926;1.6330605745315552;9.776321411132812;4.026971817016602
1750598041946;0.922247052192688;9.776321411132812;0.4695870876312256
1750598041970;-0.401289701461792;9.776321411132812;-6.154204368591309
1750598041990;-1.4878473281860352;9.776321411132812;-11.59201431274414
1750598042026;-1.5627480745315552;9.776321411132812;-11.966890335083008
1750598042046;-1.0504093170166016;9.776321411132812;-9.402716636657715
1750598042074;-0.4395461678504944;9.776321411132812;-6.345641613006592
1750598042106;1.3409909009933472;9.776321411132812;2.565228223800659
1750598042126;2.3631882667541504;9.776321411132812;7.6810832023620605
1750598042147;2.820157766342163;9.776321411132812;9.967944145202637
1750598042169;2.8848278522491455;9.776289939880371;10.291512489318848
1750598042190;2.7111856937408447;9.776289939880371;9.42268180847168
1750598042210;2.393477439880371;9.776289939880371;7.832620620727539
1750598042246;1.5229415893554688;9.776321411132812;3.4758806228637695
1750598042273;1.1039186716079712;9.776321411132812;1.3788132667541504
1750598042306;0.702629029750824;9.776321411132812;-0.6294023394584656
1750598042326;0.3618861734867096;9.776321411132812;-2.334759473800659
1750598042346;0.1116071492433548;9.776321411132812;-3.5873327255249023
1750598042371;-0.0603298656642437;9.776321411132812;-4.447854995727539
1750598042392;-0.142671138048172;9.776321411132812;-4.859840393066406
1750598042426;-0.089068703353405;9.776321411132812;-4.591672897338867
1750598042446;0.02346850372850895;9.776321411132812;-4.028398036956787
1750598042474;0.1712239682674408;9.776321411132812;-3.289031744003296
1750598042507;0.4974578619003296;9.776289939880371;-1.6563431024551392
1750598042547;0.7754836678504944;9.776289939880371;-0.2648499608039856
1750598042570;0.8698537349700928;9.776289939880371;0.20743428170681
1750598042592;0.9157676696777344;9.776289939880371;0.4371280074119568
1750598042625;0.8948723077774048;9.776289939880371;0.3324962854385376
1750598042647;0.845548152923584;9.776289939880371;0.0857514962553978
1750598042679;0.8044085502624512;9.776289939880371;-0.1202877089381218
1750598042707;0.7965960502624512;9.776321411132812;-0.1591641902923584
1750598042727;0.7965960502624512;9.776321411132812;-0.1591641902923584
1750598042772;0.7965960502624512;9.776321411132812;-0.1591641902923584
1750598042793;0.7965960502624512;9.776321411132812;-0.1591641902923584
1750598042828;0.7965960502624512;9.776321411132812;-0.1591641902923584
1750598042876;0.7965960502624512;9.776321411132812;-0.1591641902923584
1750598042902;0.7965960502624512;9.776321411132812;-0.1591641902923584
1750598042963;0.7965960502624512;9.776321411132812;-0.1591641902923584
1750598042992;0.7965960502624512;9.776321411132812;-0.1591641902923584
1750598043019;0.7965960502624512;9.776321411132812;-0.1591641902923584
1750598043068;0.7965960502624512;9.776321411132812;-0.1591641902923584
1750598043107;0.7965960502624512;9.776321411132812;-0.1591641902923584
1750598043136;0.7965960502624512;9.776321411132812;-0.1591641902923584
1750598043174;0.7965960502624512;9.776321411132812;-0.1591641902923584
1750598043199;0.7965960502624512;9.776321411132812;-0.1591641902923584
1750598043232;0.7965960502624512;9.776321411132812;-0.1591641902923584
1750598043278;0.7965960502624512;9.776321411132812;-0.1591641902923584
1750598043307;0.7965960502624512;9.776321411132812;-0.1591641902923584
1750598043342;0.7965960502624512;9.776321411132812;-0.1591641902923584
1750598043369;0.7965960502624512;9.776321411132812;-0.1591641902923584
1750598043397;0.7965960502624512;9.776321411132812;-0.1591641902923584
1750598043422;0.7965960502624512;9.776321411132812;-0.1591641902923584
1750598043476;0.7965960502624512;9.776321411132812;-0.1591641902923584
1750598043500;0.7965960502624512;9.776321411132812;-0.1591641902923584
1750598043528;0.7965960502624512;9.776321411132812;-0.1591641902923584
1750598043559;0.7965960502624512;9.776321411132812;-0.1591641902923584
1750598043583;0.7965960502624512;9.776321411132812;-0.1591641902923584
1750598043612;0.7965960502624512;9.776321411132812;-0.1591641902923584
1750598043654;0.7965960502624512;9.776321411132812;-0.1591641902923584
1750598043693;0.7965960502624512;9.776321411132812;-0.1591641902923584
1750598043717;0.7965960502624512;9.776321411132812;-0.1591641902923584
1750598043751;0.7965960502624512;9.776321411132812;-0.1591641902923584
1750598043904;0.7965960502624512;9.776321411132812;-0.1591641902923584
1750598043928;0.7965960502624512;9.776321411132812;-0.1591641902923584
1750598043961;0.7965960502624512;9.776321411132812;-0.1591641902923584
1750598043997;0.7965960502624512;9.776321411132812;-0.1591641902923584
1750598044026;0.7965960502624512;9.776321411132812;-0.1591641902923584
1750598044057;0.7965960502624512;9.776321411132812;-0.1591641902923584
1750598044081;0.7965960502624512;9.776321411132812;-0.1591641902923584
1750598044115;0.7965960502624512;9.776321411132812;-0.1591641902923584
1750598044158;0.7965960502624512;9.776321411132812;-0.1591641902923584
1750598044187;0.7965960502624512;9.776321411132812;-0.1591641902923584
1750598044216;0.7965960502624512;9.776321411132812;-0.1591641902923584
1750598044248;0.7965960502624512;9.776321411132812;-0.1591641902923584
1750598044276;0.7965960502624512;9.776321411132812;-0.1591641902923584
1750598044298;0.7965960502624512;9.776321411132812;-0.1591641902923584
1750598044336;0.7965960502624512;9.776321411132812;-0.1591641902923584
1750598044376;0.7965960502624512;9.776321411132812;-0.1591641902923584
1750598044403;0.7965960502624512;9.776321411132812;-0.1591641902923584
1750598044427;0.7965960502624512;9.776321411132812;-0.1591641902923584
1750598044449;0.7965960502624512;9.776321411132812;-0.1591641902923584
1750598044472;0.7965960502624512;9.776321411132812;-0.1591641902923584
1750598044498;0.7965960502624512;9.776321411132812;-0.1591641902923584
1750598044542;0.7965960502624512;9.776321411132812;-0.1591641902923584
1750598044581;0.7965960502624512;9.776321411132812;-0.1591641902923584
1750598044616;0.7965960502624512;9.776321411132812;-0.1591641902923584
1750598044641;0.7965960502624512;9.776321411132812;-0.1591641902923584
1750598044669;0.7965960502624512;9.776321411132812;-0.1591641902923584
1750598044705;0.7965960502624512;9.776321411132812;-0.1591641902923584
1750598044730;0.7965960502624512;9.776321411132812;-0.1591641902923584
1750598044780;0.7965960502624512;9.776321411132812;-0.1591641902923584
1750598044807;0.7965960502624512;9.776321411132812;-0.1591641902923584
1750598044828;0.7965960502624512;9.776321411132812;-0.1591641902923584
1750598044871;0.7965960502624512;9.776321411132812;-0.1591641902923584
1750598044895;0.7965960502624512;9.776321411132812;-0.1591641902923584
1750598044926;0.7965960502624512;9.776321411132812;-0.1591641902923584
1750598044953;0.7965960502624512;9.776321411132812;-0.1591641902923584
1750598044985;0.7965960502624512;9.776321411132812;-0.1591641902923584
1750598045012;0.7965960502624512;9.776321411132812;-0.1591641902923584
1750598045046;0.7965960502624512;9.776321411132812;-0.1591641902923584
1750598045072;0.7965960502624512;9.776321411132812;-0.1591641902923584
1750598045094;0.7965960502624512;9.776321411132812;-0.1591641902923584
1750598045129;0.7965960502624512;9.776321411132812;-0.1591641902923584
1750598045171;0.7965960502624512;9.776321411132812;-0.1591641902923584
1750598045197;0.7965960502624512;9.776321411132812;-0.1591641902923584
1750598045226;0.7965960502624512;9.776321411132812;-0.1591641902923584
1750598045248;0.7965960502624512;9.776321411132812;-0.1591641902923584
1750598045272;0.7965960502624512;9.776321411132812;-0.1591641902923584
1750598045292;0.7965960502624512;9.776321411132812;-0.1591641902923584
1750598045327;0.7965960502624512;9.776321411132812;-0.1591641902923584
1750598045347;0.7965960502624512;9.776321411132812;-0.1591641902923584
1750598045374;0.7965960502624512;9.776321411132812;-0.1591641902923584
1750598045397;0.7965960502624512;9.776321411132812;-0.1591641902923584
1750598045426;0.7965960502624512;9.776321411132812;-0.1591641902923584
1750598045450;0.7965960502624512;9.776321411132812;-0.1591641902923584
1750598045472;0.7965960502624512;9.776321411132812;-0.1591641902923584
1750598045499;0.7965960502624512;9.776321411132812;-0.1591641902923584
1750598045530;0.7965960502624512;9.776321411132812;-0.1591641902923584
1750598045571;0.7965960502624512;9.776321411132812;-0.1591641902923584
1750598045595;0.7965960502624512;9.776321411132812;-0.1591641902923584
1750598045626;0.7965960502624512;9.776321411132812;-0.1591641902923584
1750598045649;0.7965960502624512;9.776321411132812;-0.1591641902923584
1750598045669;0.7965960502624512;9.776321411132812;-0.1591641902923584
1750598045693;0.7965960502624512;9.776321411132812;-0.1591641902923584
1750598045713;0.7965960502624512;9.776321411132812;-0.1591641902923584
1750598045746;0.7965960502624512;9.776321411132812;-0.1591641902923584
1750598045772;0.7965960502624512;9.776321411132812;-0.1591641902923584
1750598045807;0.7965960502624512;9.776321411132812;-0.1591641902923584
1750598045828;0.7965960502624512;9.776321411132812;-0.1591641902923584
1750598045872;0.7965960502624512;9.776321411132812;-0.1591641902923584
1750598045896;0.7965960502624512;9.776321411132812;-0.1591641902923584
1750598045927;0.7965960502624512;9.776321411132812;-0.1591641902923584
1750598045972;0.7965960502624512;9.776321411132812;-0.1591641902923584
1750598046006;0.7965960502624512;9.776321411132812;-0.1591641902923584
1750598046027;0.7965960502624512;9.776321411132812;-0.1591641902923584
1750598046072;0.7965960502624512;9.776321411132812;-0.1591641902923584
1750598046097;0.7965960502624512;9.776321411132812;-0.1591641902923584
1750598046126;0.7965960502624512;9.776321411132812;-0.1591641902923584
1750598046147;0.7965960502624512;9.776321411132812;-0.1591641902923584
1750598046172;0.7965960502624512;9.776321411132812;-0.1591641902923584
1750598046193;0.7965960502624512;9.776321411132812;-0.1591641902923584
1750598046226;0.7965960502624512;9.776321411132812;-0.1591641902923584
1750598046247;0.7965960502624512;9.776321411132812;-0.1591641902923584
1750598046271;0.7965960502624512;9.776321411132812;-0.1591641902923584
1750598046291;0.7965960502624512;9.776321411132812;-0.1591641902923584
1750598046327;0.7965960502624512;9.776321411132812;-0.1591641902923584
1750598046354;0.7965960502624512;9.776321411132812;-0.1591641902923584
1750598046374;0.7965960502624512;9.776321411132812;-0.1591641902923584
1750598046401;0.7965960502624512;9.776321411132812;-0.1591641902923584
1750598046427;0.7965960502624512;9.776321411132812;-0.1591641902923584
1750598046471;0.7965960502624512;9.776321411132812;-0.1591641902923584
1750598046499;0.7965960502624512;9.776321411132812;-0.1591641902923584
1750598046527;0.7965960502624512;9.776321411132812;-0.1591641902923584
1750598046571;0.7965960502624512;9.776321411132812;-0.1591641902923584
1750598046594;0.7965960502624512;9.776321411132812;-0.1591641902923584
1750598046626;0.7965960502624512;9.776321411132812;-0.1591641902923584
1750598046646;0.7965960502624512;9.776321411132812;-0.1591641902923584
1750598046675;0.7965960502624512;9.776321411132812;-0.1591641902923584
1750598046710;0.7965960502624512;9.776321411132812;-0.1591641902923584
1750598046746;0.7965960502624512;9.776321411132812;-0.1591641902923584
1750598046770;0.7965960502624512;9.776321411132812;-0.1591641902923584
1750598046790;0.7965960502624512;9.776321411132812;-0.1591641902923584
1750598046826;0.7965960502624512;9.776321411132812;-0.1591641902923584
1750598046846;0.7965960502624512;9.776321411132812;-0.1591641902923584
1750598046871;0.7965960502624512;9.776321411132812;-0.1591641902923584
1750598046892;0.7965960502624512;9.776321411132812;-0.1591641902923584
1750598046926;0.7965960502624512;9.776321411132812;-0.1591641902923584
1750598046946;0.7965960502624512;9.776321411132812;-0.1591641902923584
1750598046971;0.7965960502624512;9.776321411132812;-0.1591641902923584
1750598046992;0.7965960502624512;9.776321411132812;-0.1591641902923584
1750598047012;0.7965960502624512;9.776321411132812;-0.1591641902923584
1750598047046;0.7965960502624512;9.776321411132812;-0.1591641902923584
1750598047072;0.7965960502624512;9.776321411132812;-0.1591641902923584
1750598047092;0.7965960502624512;9.776321411132812;-0.1591641902923584
1750598047126;0.7965960502624512;9.776321411132812;-0.1591641902923584
1750598047146;0.7965960502624512;9.776321411132812;-0.1591641902923584
1750598047171;0.7965960502624512;9.776321411132812;-0.1591641902923584
1750598047192;0.7965960502624512;9.776321411132812;-0.1591641902923584
1750598047226;0.7965960502624512;9.776321411132812;-0.1591641902923584
1750598047247;0.7965960502624512;9.776321411132812;-0.1591641902923584
1750598047272;0.7965960502624512;9.776321411132812;-0.1591641902923584
1750598047294;0.7965960502624512;9.776321411132812;-0.1591641902923584
1750598047326;0.7965960502624512;9.776321411132812;-0.1591641902923584
1750598047346;0.7965960502624512;9.776321411132812;-0.1591641902923584
1750598047371;0.7965960502624512;9.776321411132812;-0.1591641902923584
1750598047397;0.7965960502624512;9.776321411132812;-0.1591641902923584
1750598047426;0.7965960502624512;9.776321411132812;-0.1591641902923584
1750598047446;0.7965960502624512;9.776321411132812;-0.1591641902923584
1750598047472;0.7965960502624512;9.776321411132812;-0.1591641902923584
1750598047505;0.7965960502624512;9.776321411132812;-0.1591641902923584
1750598047529;0.7965960502624512;9.776321411132812;-0.1591641902923584
1750598047571;0.7487599849700928;9.776321411132812;-0.3983755111694336
1750598047593;0.6300223469734192;9.776383399963379;-0.9924355745315552
1750598047626;0.2406994253396988;9.77647590637207;-2.9402284622192383
1750598047652;0.0350322425365448;9.776507377624512;-3.969339370727539
1750598047691;-0.2349020540714264;9.776537895202637;-5.320219993591309
1750598047715;-0.275762677192688;9.776507377624512;-5.524801731109619
1750598047746;-0.077349953353405;9.776445388793945;-4.532273292541504
1750598047773;0.2070312649011612;9.776383399963379;-3.10918927192688
1750598047793;0.6023685932159424;9.776351928710938;-1.130921483039856
1750598047825;2.877976417541504;9.776445388793945;10.257999420166016
1750598047847;3.3495166301727295;9.776383399963379;12.61759090423584
1750598047871;3.3361546993255615;9.776289939880371;12.550286293029785
1750598047906;2.6304564476013184;9.776165962219238;9.017765045166016
1750598047929;2.1289684772491455;9.776103973388672;6.507688999176025
1750598047975;1.1837178468704224;9.776073455810547;1.7768168449401855
1750598048006;0.495845764875412;9.776073455810547;-1.6655817031860352
1750598048026;0.2923177182674408;9.776103973388672;-2.684213876724243
1750598048047;0.159939244389534;9.776135444641113;-3.3464784622192383
1750598048069;0.0975322499871254;9.776135444641113;-3.658668279647827
1750598048092;0.095641128718853;9.776165962219238;-3.6680309772491455
1750598048127;0.2409474402666092;9.776227951049805;-2.9404454231262207
1750598048169;0.4785776436328888;9.776289939880371;-1.7508060932159424
1750598048192;0.4785776436328888;9.776289939880371;-1.7508060932159424
1750598048226;0.7117745876312256;9.776351928710938;-0.5834263563156128
1750598048247;0.7312748432159424;9.776351928710938;-0.4858321249485016
1750598048272;0.6942894458770752;9.776351928710938;-0.6709139943122864
1750598048295;0.6942894458770752;9.776351928710938;-0.6709139943122864
1750598048326;0.0578807070851326;9.776351928710938;-3.855902910232544
1750598048352;-0.242466539144516;9.776351928710938;-5.359034061431885
1750598048382;-0.3004712462425232;9.776351928710938;-5.649336814880371
1750598048437;-0.3207775354385376;9.776321411132812;-5.751147270202637
1750598048475;-0.2526351809501648;9.776321411132812;-5.410125732421875
1750598048506;0.082124263048172;9.776321411132812;-3.734809160232544
1750598048526;0.2540302872657776;9.776321411132812;-2.8745970726013184
1750598048546;0.4499628245830536;9.776289939880371;-1.8939423561096191
1750598048571;0.668867826461792;9.776289939880371;-0.7983941435813904
1750598048595;0.668867826461792;9.776289939880371;-0.7983941435813904
1750598048627;1.2366691827774048;9.776289939880371;2.0432169437408447
1750598048649;2.765346050262451;9.776289939880371;9.693638801574707
1750598048676;4.638641357421875;9.776289939880371;19.06879425048828
1750598048696;5.068607807159424;9.776289939880371;21.220611572265625
1750598048726;4.158451557159424;9.776321411132812;16.665613174438477
1750598048747;3.312655210494995;9.776321411132812;12.432788848876953
1750598048771;2.3773562908172607;9.776321411132812;7.751984596252441
1750598048793;1.5391556024551392;9.776321411132812;3.5570437908172607
1750598048826;0.3022383749485016;9.776321411132812;-2.633277654647827
1750598048846;-0.069072425365448;9.776321411132812;-4.491474628448486
1750598048872;-0.3026723861694336;9.776321411132812;-5.660590648651123
1750598048906;-0.4883742928504944;9.776321411132812;-6.589968204498291
1750598048926;-0.4707961678504944;9.776321411132812;-6.501922607421875
1750598048946;-0.4060640037059784;9.776321411132812;-6.177982807159424
1750598048973;-0.2999752163887024;9.776321411132812;-5.647104740142822
1750598049006;-0.0298859141767025;9.776321411132812;-4.2954182624816895
1750598049028;0.109933041036129;9.776321411132812;-3.595672369003296
1750598049069;0.2976190745830536;9.776321411132812;-2.656405210494995
1750598049093;0.2453187108039856;9.776321411132812;-2.918123960494995
1750598049126;0.1158854216337204;9.776321411132812;-3.5658483505249023
1750598049147;0.02923487313091755;9.776321411132812;-3.9995973110198975
1750598049171;-0.0706535279750824;9.776321411132812;-4.4994730949401855
1750598049196;-0.1633804589509964;9.776321411132812;-4.963572978973389
1750598049226;-0.3082217574119568;9.776321411132812;-5.688399314880371
1750598049271;-0.2916046679019928;9.776321411132812;-5.605221271514893
1750598049291;-0.2061012089252472;9.776321411132812;-5.177300453186035
1750598049326;0.1420820951461792;9.776321411132812;-3.4347100257873535
1750598049346;0.3874938189983368;9.776321411132812;-2.2066593170166016
1750598049371;0.6538938879966736;9.776321411132812;-0.8733259439468384
1750598049393;0.9404142498970032;9.776321411132812;0.5606089234352112
1750598049426;1.4850881099700928;9.776321411132812;3.2863965034484863
1750598049446;1.7206722497940063;9.776321411132812;4.465433120727539
1750598049470;1.909164309501648;9.776321411132812;5.408761501312256
1750598049492;2.0472161769866943;9.776321411132812;6.099578857421875
1750598049526;2.1029577255249023;9.776321411132812;6.37853479385376
1750598049546;2.01953125;9.776321411132812;5.961030960083008
1750598049570;1.8720859289169312;9.776321411132812;5.223214626312256
1750598049590;1.6696739196777344;9.776321411132812;4.2101006507873535
1750598049626;1.1877480745315552;9.776321411132812;1.7981772422790527
1750598049648;0.97553950548172;9.776321411132812;0.7362041473388672
1750598049675;0.8299851417541504;9.776321411132812;0.0077194944024086
1750598049708;0.7965960502624512;9.776321411132812;-0.1591641902923584
1750598049747;0.7965960502624512;9.776321411132812;-0.1591641902923584
1750598049770;0.7965960502624512;9.776321411132812;-0.1591641902923584
1750598049792;0.7965960502624512;9.776321411132812;-0.1591641902923584
1750598049814;0.7965960502624512;9.776321411132812;-0.1591641902923584
1750598049848;0.7965960502624512;9.776321411132812;-0.1591641902923584
1750598049874;0.8693886995315552;10.674015045166016;-0.1736421287059784
1750598049894;0.9053199887275696;11.114893913269043;-0.180803582072258
1750598049926;0.871465802192688;10.69329833984375;-0.1741691529750824
1750598049946;0.873077929019928;10.71220874786377;-0.1745101809501648
1750598049973;0.8822855353355408;10.82530403137207;-0.1763392984867096
1750598050008;0.9038318991661072;11.090495109558105;-0.1806175708770752
1750598050046;0.920293927192688;11.293899536132812;-0.1839037835597992
1750598050070;0.9271453619003296;11.378287315368652;-0.1852678656578064
1750598050093;0.9326947331428528;11.44698715209961;-0.18635293841362
1750598050113;0.9335938096046448;11.457900047302246;-0.1865389496088028
1750598050146;0.9163566827774048;11.24671459197998;-0.1830977350473404
1750598050171;0.8978484869003296;11.019500732421875;-0.1793774962425232
1750598050191;0.8741009831428528;10.728299140930176;-0.17463418841362
1750598050211;0.8384177088737488;10.290209770202637;-0.1675037294626236
1750598050246;0.2148747593164444;2.638641119003296;-0.0429067499935627
1750598050278;-0.2176649421453476;-2.6696739196777344;0.0435267873108387
1750598050326;0.122829869389534;1.5075335502624512;-0.02452257089316845
1750598050346;0.3559337854385376;4.367869853973389;-0.0711185559630394
1750598050371;0.7435516119003296;9.124349594116211;-0.1485925167798996
1750598050398;0.8779452443122864;10.773406982421875;-0.1754402369260788
1750598050427;0.9774616360664368;11.994885444641113;-0.1953435093164444
1750598050447;1.0423797369003296;12.791604995727539;-0.2083023488521576
1750598050471;1.067522406578064;13.100106239318848;-0.2133246660232544
1750598050506;1.0344122648239136;12.694290161132812;-0.2067212462425232
1750598050526;0.992404580116272;12.178913116455078;-0.1983197033405304
1750598050546;0.947637677192688;11.629589080810547;-0.1893601268529892
1750598050571;0.9091022610664368;11.156994819641113;-0.1816406399011612
1750598050592;0.8799603581428528;10.799510955810547;-0.1758432686328888
1750598050626;0.8553447723388672;10.497613906860352;-0.1709139496088028
1750598050647;0.8563368320465088;10.50970458984375;-0.1710999608039856
1750598050677;1.1091270446777344;13.612104415893555;-0.2216331958770752
1750598050719;1.2279576063156128;15.070591926574707;-0.2453807145357132
1750598050746;1.024553656578064;12.574095726013184;-0.2047061175107956
1750598050774;0.9346478581428528;11.470704078674316;-0.18675597012043
1750598050807;0.8087798357009888;9.92599868774414;-0.1616133451461792
1750598050846;0.7460007667541504;9.155444145202637;-0.1490575522184372
1750598050874;0.7321739196777344;8.985677719116211;-0.1462983787059784
1750598050906;0.7275546193122864;8.928881645202637;-0.1453683078289032
1750598050929;0.7301587462425232;8.96087646484375;-0.1458953469991684
1750598050973;0.733506977558136;9.001830101013184;-0.146577388048172
1750598051006;0.7277095913887024;8.930990219116211;-0.1454303115606308
1750598051026;0.72163325548172;8.85608959197998;-0.1441902369260788
1750598051046;0.7144407629966736;8.767951011657715;-0.142764151096344
1750598051073;0.7071552872657776;8.678479194641113;-0.1413070559501648
1750598051106;0.6964906454086304;8.54749584197998;-0.139167919754982
1750598051127;0.6957775950431824;8.538814544677734;-0.1390439122915268
1750598051172;0.707217276096344;8.679347038269043;-0.141338050365448
1750598051206;0.7354910969734192;9.025887489318848;-0.146980419754982
1750598051228;0.7544023394584656;9.25802993774414;-0.1507626622915268
1750598051273;0.7881324887275696;9.671658515930176;-0.1574900895357132
1750598051306;0.7965960502624512;9.776321411132812;-0.1591641902923584
1750598051326;0.7965960502624512;9.776321411132812;-0.1591641902923584
1750598051346;0.7965960502624512;9.776321411132812;-0.1591641902923584
1750598051371;0.7965960502624512;9.776321411132812;-0.1591641902923584
1750598051392;0.7965960502624512;9.776321411132812;-0.1591641902923584
1750598051427;0.7965960502624512;9.776321411132812;-0.1591641902923584
1750598051470;0.7965960502624512;9.776321411132812;-0.1591641902923584
1750598051492;0.7965960502624512;9.776321411132812;-0.1591641902923584
1750598051526;0.7965960502624512;9.776321411132812;-0.1591641902923584
1750598051547;0.7965960502624512;9.776321411132812;-0.1591641902923584
1750598051573;0.7965960502624512;9.776321411132812;-0.1591641902923584
1750598051606;0.7965960502624512;9.776321411132812;-0.1591641902923584
1750598051628;0.7965960502624512;9.776321411132812;-0.1591641902923584
1750598051649;0.7965960502624512;9.776321411132812;-0.1591641902923584
1750598051686;0.7965960502624512;9.776321411132812;-0.1591641902923584
1750598051708;0.7965960502624512;9.776321411132812;-0.1591641902923584
1750598051746;0.7965960502624512;9.776321411132812;-0.1591641902923584
1750598051778;0.7965960502624512;9.776321411132812;-0.1591641902923584
1750598051807;0.7965960502624512;9.776321411132812;-0.1591641902923584
1750598051827;0.7965960502624512;9.776321411132812;-0.1591641902923584
